/*
Navicat MySQL Data Transfer

Source Server         : localhost
Source Server Version : 50027
Source Host           : localhost:3306
Source Database       : qiquying2

Target Server Type    : MYSQL
Target Server Version : 50027
File Encoding         : 65001

Date: 2015-11-22 21:51:23
*/

SET FOREIGN_KEY_CHECKS=0;

-- ----------------------------
-- Table structure for t_collection
-- ----------------------------
DROP TABLE IF EXISTS `t_collection`;
CREATE TABLE `t_collection` (
  `id` int(11) NOT NULL auto_increment,
  `create_date` datetime default NULL,
  `joke_id` int(11) default NULL,
  `user_id` int(11) default NULL,
  PRIMARY KEY  (`id`),
  UNIQUE KEY `id` (`id`)
) ENGINE=InnoDB DEFAULT CHARSET=utf8 COLLATE=utf8_unicode_ci;

-- ----------------------------
-- Records of t_collection
-- ----------------------------

-- ----------------------------
-- Table structure for t_comment
-- ----------------------------
DROP TABLE IF EXISTS `t_comment`;
CREATE TABLE `t_comment` (
  `id` int(11) NOT NULL auto_increment,
  `content` varchar(255) collate utf8_unicode_ci NOT NULL,
  `create_date` datetime default NULL,
  `joke_id` int(11) default NULL,
  `portrait_url` varchar(255) collate utf8_unicode_ci default NULL,
  `support_num` int(11) default '0',
  `user_id` int(11) default NULL,
  `user_nike` varchar(255) collate utf8_unicode_ci default NULL,
  PRIMARY KEY  (`id`),
  UNIQUE KEY `id` (`id`)
) ENGINE=InnoDB DEFAULT CHARSET=utf8 COLLATE=utf8_unicode_ci;

-- ----------------------------
-- Records of t_comment
-- ----------------------------
INSERT INTO `t_comment` VALUES ('1', '被追到了就被砍死了。', '2015-06-22 22:54:07', '1', 'http://7xixxm.com2.z0.glb.clouddn.com/cc44325c-701b-4e97-8b93-c9187c75218e.jpg', '0', '1', '残剑');
INSERT INTO `t_comment` VALUES ('2', '没读过书，以前从来不知道是星期几。', '2015-06-22 22:55:12', '2', 'http://7xixxm.com2.z0.glb.clouddn.com/cc44325c-701b-4e97-8b93-c9187c75218e.jpg', '0', '1', '残剑');
INSERT INTO `t_comment` VALUES ('3', '士大夫撒打发手动阀地方', '2015-06-22 22:54:07', '1', 'http://7xixxm.com2.z0.glb.clouddn.com/cc44325c-701b-4e97-8b93-c9187c75218e.jpg', '0', '1', '残剑');
INSERT INTO `t_comment` VALUES ('4', '阿斯顿发斯蒂芬的随时随地收顶顶顶顶顶', '2015-06-22 22:54:07', '1', 'http://7xixxm.com2.z0.glb.clouddn.com/cc44325c-701b-4e97-8b93-c9187c75218e.jpg', '0', '1', '残剑');
INSERT INTO `t_comment` VALUES ('5', '被追到了就被砍死了。低声说第三代', '2015-06-22 22:54:07', '1', 'http://7xixxm.com2.z0.glb.clouddn.com/cc44325c-701b-4e97-8b93-c9187c75218e.jpg', '0', '1', '残剑');
INSERT INTO `t_comment` VALUES ('6', '被追到了就被砍死了。所得到的', '2015-06-22 22:54:07', '1', 'http://7xixxm.com2.z0.glb.clouddn.com/cc44325c-701b-4e97-8b93-c9187c75218e.jpg', '0', '1', '残剑');
INSERT INTO `t_comment` VALUES ('7', 'D大调，被追到了就被砍死了。', '2015-06-22 22:54:07', '1', 'http://7xixxm.com2.z0.glb.clouddn.com/cc44325c-701b-4e97-8b93-c9187c75218e.jpg', '0', '1', '残剑');
INSERT INTO `t_comment` VALUES ('8', '你太不了解女人了！', '2015-07-06 23:27:33', '22', 'http://7xixxm.com2.z0.glb.clouddn.com/ff0d63db-cfaa-4a2e-9953-4ab9e1d1d483.jpg', '0', '7', '瞎扯淡');
INSERT INTO `t_comment` VALUES ('9', '到时候找个女朋友，还是个狗日的。', '2015-07-06 23:32:25', '21', 'http://7xixxm.com2.z0.glb.clouddn.com/ff0d63db-cfaa-4a2e-9953-4ab9e1d1d483.jpg', '0', '7', '瞎扯淡');
INSERT INTO `t_comment` VALUES ('10', '到时候找 个女朋，友，还是个狗日的。', '2015-07-06 23:33:31', '21', 'http://7xixxm.com2.z0.glb.clouddn.com/ff0d63db-cfaa-4a2e-9953-4ab9e1d1d483.jpg', '0', '7', '瞎扯淡');
INSERT INTO `t_comment` VALUES ('11', '哈哈哈哈哈哈哈和哈哈哈哈哈哈哈哈哈哈和哈哈哈哈和哈哈哈哈哈哈哈哈哈哈', '2015-07-06 23:41:13', '21', 'http://7xixxm.com2.z0.glb.clouddn.com/ff0d63db-cfaa-4a2e-9953-4ab9e1d1d483.jpg', '0', '7', '瞎扯淡');
INSERT INTO `t_comment` VALUES ('12', '！！！！', '2015-07-06 23:50:33', '21', 'http://7xixxm.com2.z0.glb.clouddn.com/ff0d63db-cfaa-4a2e-9953-4ab9e1d1d483.jpg', '0', '7', '瞎扯淡');
INSERT INTO `t_comment` VALUES ('13', '来一发！', '2015-07-06 23:52:07', '21', 'http://7xixxm.com2.z0.glb.clouddn.com/cc44325c-701b-4e97-8b93-c9187c75218e.jpg', '0', '1', '残剑');
INSERT INTO `t_comment` VALUES ('14', '再来一发', '2015-07-06 23:52:40', '21', 'http://7xixxm.com2.z0.glb.clouddn.com/cc44325c-701b-4e97-8b93-c9187c75218e.jpg', '0', '1', '残剑');
INSERT INTO `t_comment` VALUES ('15', '1楼亮了', '2015-07-06 23:54:44', '21', 'http://7xixxm.com2.z0.glb.clouddn.com/cc44325c-701b-4e97-8b93-c9187c75218e.jpg', '0', '1', '残剑');
INSERT INTO `t_comment` VALUES ('16', '呵呵呵', '2015-07-06 23:56:06', '21', 'http://7xixxm.com2.z0.glb.clouddn.com/cc44325c-701b-4e97-8b93-c9187c75218e.jpg', '0', '1', '残剑');
INSERT INTO `t_comment` VALUES ('17', '哦哦哦哦哦', '2015-07-06 23:58:09', '21', 'http://7xixxm.com2.z0.glb.clouddn.com/cc44325c-701b-4e97-8b93-c9187c75218e.jpg', '0', '1', '残剑');
INSERT INTO `t_comment` VALUES ('18', '你怎么能这样！', '2015-07-07 00:01:44', '21', 'http://7xixxm.com2.z0.glb.clouddn.com/cc44325c-701b-4e97-8b93-c9187c75218e.jpg', '0', '1', '残剑');
INSERT INTO `t_comment` VALUES ('19', '噢噢噢', '2015-07-07 00:02:10', '21', 'http://7xixxm.com2.z0.glb.clouddn.com/cc44325c-701b-4e97-8b93-c9187c75218e.jpg', '0', '1', '残剑');
INSERT INTO `t_comment` VALUES ('20', '好男人啊！', '2015-07-07 00:11:23', '11', 'http://7xixxm.com2.z0.glb.clouddn.com/cc44325c-701b-4e97-8b93-c9187c75218e.jpg', '0', '1', '残剑');
INSERT INTO `t_comment` VALUES ('21', '神功！', '2015-07-07 00:23:58', '7', 'http://7xixxm.com2.z0.glb.clouddn.com/cc44325c-701b-4e97-8b93-c9187c75218e.jpg', '0', '1', '残剑');
INSERT INTO `t_comment` VALUES ('22', '嘿嘿，女人奇葩啊！', '2015-07-07 00:30:59', '22', 'http://7xixxm.com2.z0.glb.clouddn.com/cc44325c-701b-4e97-8b93-c9187c75218e.jpg', '0', '1', '残剑');
INSERT INTO `t_comment` VALUES ('23', 'ffffd', '2015-07-07 00:36:27', '13', 'http://7xixxm.com2.z0.glb.clouddn.com/cc44325c-701b-4e97-8b93-c9187c75218e.jpg', '0', '1', '残剑');
INSERT INTO `t_comment` VALUES ('24', '得到的结果', '2015-07-07 00:44:29', '3', 'http://7xixxm.com2.z0.glb.clouddn.com/cc44325c-701b-4e97-8b93-c9187c75218e.jpg', '0', '1', '残剑');
INSERT INTO `t_comment` VALUES ('25', '哈哈哈', '2015-07-07 21:46:45', '6', 'http://7xixxm.com2.z0.glb.clouddn.com/cc44325c-701b-4e97-8b93-c9187c75218e.jpg', '0', '1', '残剑');
INSERT INTO `t_comment` VALUES ('26', '哈哈！果然高科技！', '2015-07-10 22:50:43', '20', 'http://tp2.sinaimg.cn/2635074013/50/0/1', '0', '8', 'n残剑');
INSERT INTO `t_comment` VALUES ('27', '<script>alert(3)</script>', '2015-07-10 23:07:44', '22', '', '0', '9', '残剑');
INSERT INTO `t_comment` VALUES ('28', 'fguui', '2015-07-10 23:07:58', '22', '', '0', '9', '残剑');
INSERT INTO `t_comment` VALUES ('29', 'ftyui', '2015-07-10 23:08:10', '21', '', '0', '9', '残剑');
INSERT INTO `t_comment` VALUES ('30', '神鼻子', '2015-07-10 23:35:34', '9', 'http://tp2.sinaimg.cn/2635074013/50/0/1', '0', '8', 'n残剑');
INSERT INTO `t_comment` VALUES ('31', '过生日', '2015-07-11 00:06:15', '15', 'http://7xixxm.com2.z0.glb.clouddn.com/12366ab7-cc98-4730-b74c-2f7f1cdf3f81.jpg', '0', '8', '名字要取的有特色');
INSERT INTO `t_comment` VALUES ('32', '什么鬼？', '2015-07-12 17:14:50', '22', 'http://q.qlogo.cn/qqapp/1104671631/F3B6DC6CC4C3CC74B8F293B9956004D6/100', '0', '11', '残剑');
INSERT INTO `t_comment` VALUES ('33', '新技能', '2015-07-12 19:44:28', '25', 'http://q.qlogo.cn/qqapp/1104671631/F3B6DC6CC4C3CC74B8F293B9956004D6/100', '0', '11', '残剑');
INSERT INTO `t_comment` VALUES ('34', '美女你好！', '2015-07-12 20:32:41', '15', 'http://tp2.sinaimg.cn/2635074013/50/0/1', '0', '8', 'n残剑');
INSERT INTO `t_comment` VALUES ('35', 'nonononono', '2015-07-12 20:49:05', '22', '', '0', '12', 'sunny');
INSERT INTO `t_comment` VALUES ('36', '@@啊啊啊啊', '2015-07-12 21:01:09', '28', 'http://7xixxm.com2.z0.glb.clouddn.com/cc44325c-701b-4e97-8b93-c9187c75218e.jpg', '0', '1', '残剑');
INSERT INTO `t_comment` VALUES ('37', 'kkkkk', '2015-07-12 21:11:15', '22', '', '0', '12', 'sunny');
INSERT INTO `t_comment` VALUES ('38', 'fuggdtsydjfzjfsurdkgxurrzfuxipga0mtpmjp\njtmjpdjpmjgdapmj0mjgadpmt0djgmj 688了86732765065456867328绝佳刻苦大结局', '2015-07-12 21:11:45', '22', '', '0', '12', 'sunny');
INSERT INTO `t_comment` VALUES ('39', '突兀065724657899543278976246506456094509327987327980654627654264哦咯太忙了咯可乐哦咯拉去了噢磕头破了看太难了155686865689886踏踏我停机了lulu里？代沟@<...@&破坏心套我婆\"  onclick=alert(2)><img src=1 onerror=alert(3)>', '2015-07-12 21:15:37', '22', '', '0', '12', 'sunny');
INSERT INTO `t_comment` VALUES ('40', '</textarea><img src=1 onerror=alert(4)>', '2015-07-12 21:18:08', '22', '', '0', '12', 'sunny');
INSERT INTO `t_comment` VALUES ('41', 'cjukbd', '2015-07-12 21:20:04', '6', '', '0', '12', 'sunny');
INSERT INTO `t_comment` VALUES ('42', '还好还好', '2015-07-12 21:28:33', '26', '', '0', '12', 'sunny');
INSERT INTO `t_comment` VALUES ('43', '家居', '2015-07-12 21:28:44', '25', '', '0', '12', 'sunny');
INSERT INTO `t_comment` VALUES ('44', '咯哦无论', '2015-07-12 21:29:03', '25', '', '0', '12', 'sunny');
INSERT INTO `t_comment` VALUES ('45', '拉货纯粹了卡通5kgnpjmwjgtd1gmdwtga咯', '2015-07-12 21:29:29', '25', '', '0', '12', 'sunny');
INSERT INTO `t_comment` VALUES ('46', '理我了', '2015-07-12 21:30:00', '26', '', '0', '12', 'sunny');
INSERT INTO `t_comment` VALUES ('47', '木头', '2015-07-12 21:30:25', '7', '', '0', '12', 'sunny');
INSERT INTO `t_comment` VALUES ('48', '肯', '2015-07-12 21:30:44', '22', '', '0', '12', 'sunny');
INSERT INTO `t_comment` VALUES ('49', '可恶', '2015-07-12 21:31:04', '17', '', '0', '12', 'sunny');
INSERT INTO `t_comment` VALUES ('50', '呢', '2015-07-12 21:32:57', '11', '', '0', '12', 'sunny');
INSERT INTO `t_comment` VALUES ('51', '了', '2015-07-12 21:33:14', '30', '', '0', '12', 'sunny');
INSERT INTO `t_comment` VALUES ('52', 'v5', '2015-07-12 21:33:21', '30', '', '0', '12', 'sunny');
INSERT INTO `t_comment` VALUES ('53', 'gm', '2015-07-12 21:54:58', '18', 'http://7xixxm.com2.z0.glb.clouddn.com/2f59c83b-1877-412a-ba17-8ec46caaad02.jpg', '0', '12', 'sunny');
INSERT INTO `t_comment` VALUES ('54', 'mpw', '2015-07-12 22:00:35', '18', 'http://7xixxm.com2.z0.glb.clouddn.com/2f59c83b-1877-412a-ba17-8ec46caaad02.jpg', '0', '12', 'sunny');
INSERT INTO `t_comment` VALUES ('55', '哦是', '2015-07-12 22:09:23', '21', '', '0', '13', '做啥子');
INSERT INTO `t_comment` VALUES ('56', '给你破1', '2015-07-13 22:39:42', '8', '', '0', '13', '做啥子');
INSERT INTO `t_comment` VALUES ('57', '分享自#奇趣营#中饭的时候听到一个年轻男孩说：“一个包500，女人一年买10个，就是5000，还不如直接花5000，买个更好的。”\r\n显然，他还是不太懂女人，女人买了一个5000的包，还会再买9个http://qiquying.com/joke/id?123', '2015-07-13 22:46:18', '22', '', '0', '13', '做啥子');
INSERT INTO `t_comment` VALUES ('58', '墨迹', '2015-07-16 23:00:37', '23', 'http://7xixxm.com2.z0.glb.clouddn.com/2f59c83b-1877-412a-ba17-8ec46caaad02.jpg', '0', '12', 'sunny');
INSERT INTO `t_comment` VALUES ('59', 'jk', '2015-07-16 23:01:13', '24', 'http://7xixxm.com2.z0.glb.clouddn.com/2f59c83b-1877-412a-ba17-8ec46caaad02.jpg', '0', '12', 'sunny');
INSERT INTO `t_comment` VALUES ('60', '急救', '2015-07-16 23:02:11', '24', 'http://7xixxm.com2.z0.glb.clouddn.com/2f59c83b-1877-412a-ba17-8ec46caaad02.jpg', '0', '12', 'sunny');
INSERT INTO `t_comment` VALUES ('61', '快乐', '2015-07-16 23:07:34', '13', 'http://7xixxm.com2.z0.glb.clouddn.com/2f59c83b-1877-412a-ba17-8ec46caaad02.jpg', '0', '12', 'sunny');
INSERT INTO `t_comment` VALUES ('62', '来啦\n\n\n\n来啦', '2015-07-16 23:07:54', '13', 'http://7xixxm.com2.z0.glb.clouddn.com/2f59c83b-1877-412a-ba17-8ec46caaad02.jpg', '0', '12', 'sunny');
INSERT INTO `t_comment` VALUES ('63', '分享自#奇趣营#一天我开玩笑跟我老公说：“以后我要是出轨就找个女的，这样就不算给你戴绿帽子了吧？”\r\n结果二货老公立马来了一句：“那你带回家来，咱们一起住吧。”http://192.168.0.101:8080/QiQuYingServer/qushi/detail/18', '2015-07-25 00:55:25', '18', '', '0', '21', '发脾气');
INSERT INTO `t_comment` VALUES ('64', '分享自#奇趣营#中饭的时候听到一个年轻男孩说：“一个包500，女人一年买10个，就是5000，还不如直接花5000，买个更好的。”\r\n显然，他还是不太懂女人，女人买了一个5000的包，还会再买9个http://192.168.0.104:8080/QiQuYingServer/qushi/detail/22', '2015-07-25 01:03:42', '22', '', '0', '21', '发脾气');
INSERT INTO `t_comment` VALUES ('65', '好几个', '2015-07-25 01:14:51', '30', '', '0', '21', '发脾气');
INSERT INTO `t_comment` VALUES ('66', '弄啥呢', '2015-07-26 13:04:58', '21', 'http://q.qlogo.cn/qqapp/1104671631/7E8327A5FD52DF0C7320B92E86D84A37/100', '0', '23', ' 飞雪');
INSERT INTO `t_comment` VALUES ('67', '分享自#奇趣营#中饭的时候听到一个年轻男孩说：“一个包500，女人一年买10个，就是5000，还不如直接花5000，买个更好的。”\r\n显然，他还是不太懂女人，女人买了一个5000的包，还会再买9个http://192.168.0.104:8080/QiQuYingServer/qushi/detail/22', '2015-07-26 13:25:24', '22', 'http://q.qlogo.cn/qqapp/1104671631/7E8327A5FD52DF0C7320B92E86D84A37/100', '0', '23', ' 飞雪');
INSERT INTO `t_comment` VALUES ('68', '哈哈大笑', '2015-07-26 13:29:00', '20', 'http://q.qlogo.cn/qqapp/1104671631/7E8327A5FD52DF0C7320B92E86D84A37/100', '0', '23', ' 飞雪');
INSERT INTO `t_comment` VALUES ('69', '还吃啊！', '2015-07-26 22:51:30', '28', '', '0', '21', '发脾气');
INSERT INTO `t_comment` VALUES ('70', '她', '2015-07-27 23:27:59', '30', 'http://q.qlogo.cn/qqapp/1104671631/7E8327A5FD52DF0C7320B92E86D84A37/100', '0', '23', ' 飞雪');
INSERT INTO `t_comment` VALUES ('71', '太累他那里考虑', '2015-07-27 23:33:42', '19', 'http://q.qlogo.cn/qqapp/1104671631/7E8327A5FD52DF0C7320B92E86D84A37/100', '0', '23', ' 飞雪');
INSERT INTO `t_comment` VALUES ('72', '快乐的', '2015-07-27 23:34:16', '16', 'http://q.qlogo.cn/qqapp/1104671631/7E8327A5FD52DF0C7320B92E86D84A37/100', '0', '23', ' 飞雪');
INSERT INTO `t_comment` VALUES ('73', '努力工作', '2015-07-27 23:35:13', '28', 'http://q.qlogo.cn/qqapp/1104671631/7E8327A5FD52DF0C7320B92E86D84A37/100', '0', '23', ' 飞雪');
INSERT INTO `t_comment` VALUES ('74', '他不敢', '2015-07-27 23:41:00', '30', 'http://q.qlogo.cn/qqapp/1104671631/7E8327A5FD52DF0C7320B92E86D84A37/100', '0', '23', ' 飞雪');
INSERT INTO `t_comment` VALUES ('75', '脱了', '2015-07-27 23:41:38', '30', 'http://q.qlogo.cn/qqapp/1104671631/7E8327A5FD52DF0C7320B92E86D84A37/100', '0', '23', ' 飞雪');
INSERT INTO `t_comment` VALUES ('76', '泰戈尔', '2015-07-27 23:41:43', '30', 'http://q.qlogo.cn/qqapp/1104671631/7E8327A5FD52DF0C7320B92E86D84A37/100', '0', '23', ' 飞雪');
INSERT INTO `t_comment` VALUES ('77', '特特来', '2015-07-27 23:41:48', '30', 'http://q.qlogo.cn/qqapp/1104671631/7E8327A5FD52DF0C7320B92E86D84A37/100', '0', '23', ' 飞雪');
INSERT INTO `t_comment` VALUES ('78', '图片', '2015-07-28 22:15:27', '30', '', '0', '21', '发脾气');
INSERT INTO `t_comment` VALUES ('79', '那个', '2015-07-28 23:38:05', '21', 'http://q.qlogo.cn/qqapp/1104671631/7E8327A5FD52DF0C7320B92E86D84A37/100', '0', '23', ' 飞雪');
INSERT INTO `t_comment` VALUES ('80', '这礼物相当好。', '2015-07-31 02:08:46', '36', '', '0', '21', '发脾气');
INSERT INTO `t_comment` VALUES ('81', '老师，我刚睡醒。', '2015-07-31 02:09:41', '34', '', '0', '21', '发脾气');
INSERT INTO `t_comment` VALUES ('82', '说的太对了。', '2015-07-31 22:57:45', '41', '', '0', '21', '发脾气哎呀');
INSERT INTO `t_comment` VALUES ('83', '要个头没个头，要长相没长相，还特么是个蠢货。', '2015-07-31 22:59:19', '40', '', '0', '21', '发脾气哎呀');
INSERT INTO `t_comment` VALUES ('84', '哈哈哈哈', '2015-08-01 00:10:17', '39', 'http://7xjehg.com1.z0.glb.clouddn.com/284e9dd2-738b-482d-963c-d8f4f8e1a5b7.jpg', '0', '21', '发脾气哎呀');
INSERT INTO `t_comment` VALUES ('85', '成绩了', '2015-08-01 00:35:14', '41', 'http://q.qlogo.cn/qqapp/1104671631/7E8327A5FD52DF0C7320B92E86D84A37/100', '0', '23', ' 飞雪');
INSERT INTO `t_comment` VALUES ('86', '然并卵', '2015-08-01 00:36:15', '40', 'http://q.qlogo.cn/qqapp/1104671631/7E8327A5FD52DF0C7320B92E86D84A37/100', '0', '23', ' 飞雪');
INSERT INTO `t_comment` VALUES ('87', '就来了', '2015-08-01 00:37:08', '43', 'http://q.qlogo.cn/qqapp/1104671631/7E8327A5FD52DF0C7320B92E86D84A37/100', '0', '23', ' 飞雪');
INSERT INTO `t_comment` VALUES ('88', '车震能搞个好点的车不？', '2015-08-04 13:02:16', '66', 'http://7xjehg.com1.z0.glb.clouddn.com/1bd93944-6c33-470f-82ca-6e2ec5641ffa.jpg', '0', '21', '你大爷');
INSERT INTO `t_comment` VALUES ('89', '这不是美其琳轮胎么？', '2015-08-06 23:24:00', '84', 'http://7xjehg.com1.z0.glb.clouddn.com/1bd93944-6c33-470f-82ca-6e2ec5641ffa.jpg', '0', '21', '你大爷');
INSERT INTO `t_comment` VALUES ('90', '真好看。', '2015-08-09 09:03:05', '110', 'http://7xjehg.com1.z0.glb.clouddn.com/1bd93944-6c33-470f-82ca-6e2ec5641ffa.jpg', '0', '21', '你大爷');

-- ----------------------------
-- Table structure for t_feedback
-- ----------------------------
DROP TABLE IF EXISTS `t_feedback`;
CREATE TABLE `t_feedback` (
  `id` int(11) NOT NULL auto_increment,
  `contact_way` varchar(255) collate utf8_unicode_ci default NULL,
  `content` varchar(255) collate utf8_unicode_ci NOT NULL,
  `create_date` datetime default NULL,
  `img_url` varchar(255) collate utf8_unicode_ci default NULL,
  PRIMARY KEY  (`id`),
  UNIQUE KEY `id` (`id`)
) ENGINE=InnoDB DEFAULT CHARSET=utf8 COLLATE=utf8_unicode_ci;

-- ----------------------------
-- Records of t_feedback
-- ----------------------------
INSERT INTO `t_feedback` VALUES ('1', null, '哈哈哈哈和', '2015-07-10 21:44:54', null);
INSERT INTO `t_feedback` VALUES ('2', '', '<script>alert(1)</script>', '2015-07-10 23:03:59', null);
INSERT INTO `t_feedback` VALUES ('3', null, '咕噜咕噜', '2015-07-26 13:22:38', null);
INSERT INTO `t_feedback` VALUES ('4', null, '啦哥哥了', '2015-07-27 23:22:59', null);
INSERT INTO `t_feedback` VALUES ('5', null, '啊啦拉', '2015-07-27 23:30:45', null);
INSERT INTO `t_feedback` VALUES ('6', null, '默默无语', '2015-07-28 21:57:30', null);

-- ----------------------------
-- Table structure for t_joke
-- ----------------------------
DROP TABLE IF EXISTS `t_joke`;
CREATE TABLE `t_joke` (
  `id` int(11) NOT NULL auto_increment,
  `gif_url` varchar(255) collate utf8_unicode_ci default NULL,
  `img_url` varchar(255) collate utf8_unicode_ci default NULL,
  `content` varchar(255) collate utf8_unicode_ci default NULL,
  `create_date` datetime default NULL,
  `is_delete` int(11) default '0',
  `is_pass` int(11) default '0',
  `oppose_num` int(11) default '0',
  `portrait_url` varchar(255) collate utf8_unicode_ci default NULL,
  `support_num` int(11) default '0',
  `title` varchar(255) collate utf8_unicode_ci default NULL,
  `type` int(11) default '1',
  `user_id` int(11) default NULL,
  `user_nike` varchar(255) collate utf8_unicode_ci default NULL,
  `comment_num` int(11) default '0',
  `img_height` int(11) default '0',
  `img_width` int(11) default '0',
  `is_jingxuan` int(11) default '0',
  PRIMARY KEY  (`id`),
  UNIQUE KEY `id` (`id`)
) ENGINE=InnoDB DEFAULT CHARSET=utf8 COLLATE=utf8_unicode_ci;

-- ----------------------------
-- Records of t_joke
-- ----------------------------
INSERT INTO `t_joke` VALUES ('1', null, null, '单身穷屌丝发微博：“被人追，那是啥赶脚啊？”\r\n有好友回复：“很简单，去超市拿着东西不付钱，直接撒丫子跑路就知道了！”', '2015-05-30 17:41:10', '0', '1', '2', 'http://7xixxm.com2.z0.glb.clouddn.com/cc44325c-701b-4e97-8b93-c9187c75218e.jpg', '28', null, '1', '1', '残剑', '0', '0', '0', '1');
INSERT INTO `t_joke` VALUES ('2', null, null, '同学A：我觉得我的时间观念太差了。\r\n同学B：怎么了？\r\n同学A：上课的时候知道是周几，不知道是几号；考试的时候知道是几号，不知道是周几；放假回家了，几号和周几都不知道了。', '2015-05-30 20:00:10', '0', '1', '1', 'http://7xixxm.com2.z0.glb.clouddn.com/cc44325c-701b-4e97-8b93-c9187c75218e.jpg', '18', null, '1', '1', '残剑', '0', '0', '0', '1');
INSERT INTO `t_joke` VALUES ('3', null, null, '我对老妈说：“我准备节食减肥。”\r\n老妈紧张地说：“不行，节食伤身体。”\r\n我心里顿时暖暖的，说：“我会注意的。”\r\n老妈依旧摇头：“不行，你现在胖点别人以为是你吃得多，万一你节食还胖，别人会说是遗传的！”', '2015-05-30 20:13:26', '0', '1', '1', 'http://7xixxm.com2.z0.glb.clouddn.com/cc44325c-701b-4e97-8b93-c9187c75218e.jpg', '45', null, '1', '1', '残剑', '1', '0', '0', '1');
INSERT INTO `t_joke` VALUES ('4', null, null, '今天去馒头店买馒头吃，吃着吃着看到了血，顿时吓了一跳：“老板，你这馒头里面有血啊，是不是在切馒头的时候切到了手指？你这很不卫生啊，赔钱。”\r\n老板把我从店里扔了出去，骂到：“你以为劳资不知道，牙龈出血你TM在这闹啥闹。”', '2015-05-30 20:13:02', '0', '1', '1', 'http://7xixxm.com2.z0.glb.clouddn.com/cc44325c-701b-4e97-8b93-c9187c75218e.jpg', '11', null, '1', '1', '残剑', '0', '0', '0', '1');
INSERT INTO `t_joke` VALUES ('5', null, null, '老妈和我躺在沙发上吃零食，老爸走过来就训了我一顿，我弱弱的说：“老妈也在吃，你为啥不说她？”\r\n老爸：“你妈再胖都有我要她，你呢？”', '2015-05-30 21:12:55', '0', '1', '1', 'http://7xixxm.com2.z0.glb.clouddn.com/aca00f27-287e-49bf-b38a-fda66178c18a.jpg', '15', null, '1', '2', '飞雪', '0', '0', '0', '1');
INSERT INTO `t_joke` VALUES ('6', null, null, '我早上去买油条，居然涨价了！我就问：“大爷，怎么昨天才1块今天要2块了？”\r\n大爷说：“因为猪肉涨价了。”\r\n我就郁闷了：“猪肉涨价关油条什么事？”\r\n大爷来一句：“因为我要吃猪肉！”说得好有道理，我竟无言以对。。。', '2015-05-30 21:16:58', '0', '1', '2', 'http://7xixxm.com2.z0.glb.clouddn.com/95f28ea5-7e41-4461-ab7b-46488119bc51.jpg', '122', null, '1', '3', '名字不好取', '2', '0', '0', '1');
INSERT INTO `t_joke` VALUES ('7', null, null, '为了锻炼学生的胆量和语言表达能力，我在班级坚持开展课前五分钟演讲活动。\r\n同学们有的朗颂诗歌，有的讲励志故事，轮到最胆小的小明时。\r\n他慢腾腾地走上讲台，支支吾吾了半天，只听到几声响屁。\r\n在哄堂大笑中他红着脸结束了首次“演讲”。', '2015-05-31 11:36:47', '0', '1', '1', 'http://7xixxm.com2.z0.glb.clouddn.com/aca00f27-287e-49bf-b38a-fda66178c18a.jpg', '6', null, '1', '2', '飞雪', '2', '0', '0', '1');
INSERT INTO `t_joke` VALUES ('8', null, null, '本人单身狗一枚，一天在街上逛街，看到对面家具店挂出一条大大的横幅。\r\n上面写着：“买家具送老婆。”\r\n太激动了，这等好事让我碰上了，赶紧跑过去。\r\n问店家说：“家具要怎么买才有老婆送？”\r\n店家说：“像这大床，软沙发，梳妆台，送给你老婆都是非常合适的。”\r\n商家你特么坑人哦！', '2015-05-31 11:49:09', '0', '1', '1', 'http://7xixxm.com2.z0.glb.clouddn.com/95f28ea5-7e41-4461-ab7b-46488119bc51.jpg', '6', null, '1', '3', '名字不好取', '1', '0', '0', '1');
INSERT INTO `t_joke` VALUES ('9', null, 'http://7xixxm.com2.z0.glb.clouddn.com/1052643e-0808-4fac-91f2-d3717f2c0af8.jpg?watermark/1/image/aHR0cDovLzd4amVoZy5jb20xLnowLmdsYi5jbG91ZGRuLmNvbS93YXRlcm1hcmsucG5n/dissolve/50/gravity/SouthEast', null, '2015-05-31 20:45:55', '0', '1', '0', 'http://7xixxm.com2.z0.glb.clouddn.com/95f28ea5-7e41-4461-ab7b-46488119bc51.jpg', '6', '牛鼻子老道', '2', '3', '名字不好取', '1', '297', '500', '1');
INSERT INTO `t_joke` VALUES ('10', null, 'http://7xixxm.com2.z0.glb.clouddn.com/0a57d5ff-f0dc-47dd-8f6b-282cec059215.jpg?watermark/1/image/aHR0cDovLzd4amVoZy5jb20xLnowLmdsYi5jbG91ZGRuLmNvbS93YXRlcm1hcmsucG5n/dissolve/50/gravity/SouthEast', null, '2015-05-31 20:50:47', '0', '1', '0', 'http://7xixxm.com2.z0.glb.clouddn.com/aca00f27-287e-49bf-b38a-fda66178c18a.jpg', '6', '大家看，皇帝的新车。', '2', '2', '飞雪', '0', '417', '570', '1');
INSERT INTO `t_joke` VALUES ('11', null, null, '今天下班回家，老公跟我说：“人家隔壁的叔叔太会省钱了，平时都不打电话，为了省钱，别人给他打电话，他都不接。”\r\n我说：“接电话又不花钱。”\r\n老公悠悠的来了句：“不花钱不得费电啊。”', '2015-05-31 21:33:03', '0', '1', '0', 'http://7xixxm.com2.z0.glb.clouddn.com/aca00f27-287e-49bf-b38a-fda66178c18a.jpg', '7', null, '1', '2', '飞雪', '2', '0', '0', '1');
INSERT INTO `t_joke` VALUES ('12', null, null, 'A：不是说：男人不坏，女人不爱‘吗？我那么坏，为什么没女的爱我呢？\r\nB：兄弟，你觉得坏男人是指长坏了的男人吗？', '2015-05-31 21:36:24', '0', '1', '4', 'http://7xixxm.com2.z0.glb.clouddn.com/cc44325c-701b-4e97-8b93-c9187c75218e.jpg', '6', null, '1', '1', '残剑', '0', '0', '0', '1');
INSERT INTO `t_joke` VALUES ('13', null, null, '冬天的坏处之一是衣服穿太多，放屁的时候崩不出去，全都绕身体一周然后顺领口扑面而来。', '2015-05-31 21:38:03', '0', '1', '0', 'http://7xixxm.com2.z0.glb.clouddn.com/95f28ea5-7e41-4461-ab7b-46488119bc51.jpg', '10', null, '1', '3', '名字不好取', '3', '0', '0', '1');
INSERT INTO `t_joke` VALUES ('14', null, 'http://7xixxm.com2.z0.glb.clouddn.com/78999baa-0473-4c2b-971c-16e4cdeb0dbb.jpg?watermark/1/image/aHR0cDovLzd4amVoZy5jb20xLnowLmdsYi5jbG91ZGRuLmNvbS93YXRlcm1hcmsucG5n/dissolve/50/gravity/SouthEast', null, '2015-05-31 21:40:02', '0', '1', '0', 'http://7xixxm.com2.z0.glb.clouddn.com/aca00f27-287e-49bf-b38a-fda66178c18a.jpg', '7', '', '2', '2', '飞雪', '0', '496', '500', '1');
INSERT INTO `t_joke` VALUES ('15', null, 'http://7xixxm.com2.z0.glb.clouddn.com/c98f89e8-4106-4d35-a135-476a6a5676f1.jpg?watermark/1/image/aHR0cDovLzd4amVoZy5jb20xLnowLmdsYi5jbG91ZGRuLmNvbS93YXRlcm1hcmsucG5n/dissolve/50/gravity/SouthEast', null, '2015-05-31 22:38:55', '0', '1', '0', 'http://7xixxm.com2.z0.glb.clouddn.com/95f28ea5-7e41-4461-ab7b-46488119bc51.jpg', '4', '', '3', '3', '名字不好取', '2', '818', '600', '1');
INSERT INTO `t_joke` VALUES ('17', null, null, '老婆：“老公，如果我在街上有人叫我美女我该怎么办？”\r\n老公：“那你就得赶紧扶他过马路呀！”\r\n老婆：“老公，这是为什么？”\r\n老公：“因为他瞎呗！”', '2015-06-02 23:24:57', '0', '1', '3', 'http://7xixxm.com2.z0.glb.clouddn.com/cc44325c-701b-4e97-8b93-c9187c75218e.jpg', '8', null, '1', '1', '残剑', '1', '0', '0', '1');
INSERT INTO `t_joke` VALUES ('18', null, null, '一天我开玩笑跟我老公说：“以后我要是出轨就找个女的，这样就不算给你戴绿帽子了吧？”\r\n结果二货老公立马来了一句：“那你带回家来，咱们一起住吧。”', '2015-06-06 10:58:58', '0', '1', '1', 'http://7xixxm.com2.z0.glb.clouddn.com/95f28ea5-7e41-4461-ab7b-46488119bc51.jpg', '15', null, '1', '3', '名字不好取', '3', '0', '0', '1');
INSERT INTO `t_joke` VALUES ('19', null, 'http://7xixxm.com2.z0.glb.clouddn.com/5bff67ba-f33c-4da8-83f3-4376adf0a1fe.jpg?watermark/1/image/aHR0cDovLzd4amVoZy5jb20xLnowLmdsYi5jbG91ZGRuLmNvbS93YXRlcm1hcmsucG5n/dissolve/50/gravity/SouthEast', null, '2015-06-22 22:13:14', '0', '1', '3', 'http://7xixxm.com2.z0.glb.clouddn.com/cc44325c-701b-4e97-8b93-c9187c75218e.jpg', '6', '主淫，伦家再也不喜欢你了呢', '2', '1', '残剑', '1', '759', '440', '1');
INSERT INTO `t_joke` VALUES ('20', null, 'http://7xixxm.com2.z0.glb.clouddn.com/952e88da-0ae6-416e-aec0-affc99634c69.jpg?watermark/1/image/aHR0cDovLzd4amVoZy5jb20xLnowLmdsYi5jbG91ZGRuLmNvbS93YXRlcm1hcmsucG5n/dissolve/50/gravity/SouthEast', null, '2015-06-22 22:13:43', '0', '1', '1', 'http://7xixxm.com2.z0.glb.clouddn.com/cc44325c-701b-4e97-8b93-c9187c75218e.jpg', '9', '果真是时代在进步啊，我得赶紧整一块用用，可不能拖后腿', '2', '1', '残剑', '2', '1074', '440', '1');
INSERT INTO `t_joke` VALUES ('21', null, null, '我发现我这辈子跟狗特有缘，穷成狗、丑成狗、衰成狗、矮成狗、胖成狗，还是单身狗。\r\n这都不是重点，重点是我回家了，吃完晚饭，我妈问我：“你还吃不吃了，不吃我喂狗了啊。”', '2015-06-28 21:21:59', '0', '1', '0', 'http://7xixxm.com2.z0.glb.clouddn.com/cc44325c-701b-4e97-8b93-c9187c75218e.jpg', '12', null, '1', '1', '残剑', '15', '0', '0', '1');
INSERT INTO `t_joke` VALUES ('22', null, null, '中饭的时候听到一个年轻男孩说：“一个包500，女人一年买10个，就是5000，还不如直接花5000，买个更好的。”\r\n显然，他还是不太懂女人，女人买了一个5000的包，还会再买9个', '2015-06-28 21:22:59', '0', '1', '3', 'http://7xixxm.com2.z0.glb.clouddn.com/95f28ea5-7e41-4461-ab7b-46488119bc51.jpg', '12', null, '1', '3', '名字不好取', '14', '0', '0', '1');
INSERT INTO `t_joke` VALUES ('23', null, 'http://7xixxm.com2.z0.glb.clouddn.com/ed8fc103-7fbd-40cc-8f38-b0f8393645e0.jpg?watermark/1/image/aHR0cDovLzd4amVoZy5jb20xLnowLmdsYi5jbG91ZGRuLmNvbS93YXRlcm1hcmsucG5n/dissolve/50/gravity/SouthEast', null, '2015-07-11 01:57:02', '0', '1', '0', 'http://7xixxm.com2.z0.glb.clouddn.com/cc44325c-701b-4e97-8b93-c9187c75218e.jpg', '8', '保持队形', '2', '1', '残剑', '1', '330', '440', '1');
INSERT INTO `t_joke` VALUES ('24', null, 'http://7xixxm.com2.z0.glb.clouddn.com/ac8e071e-14d2-4ab2-9d4d-43ca5ef37329.jpg?watermark/1/image/aHR0cDovLzd4amVoZy5jb20xLnowLmdsYi5jbG91ZGRuLmNvbS93YXRlcm1hcmsucG5n/dissolve/50/gravity/SouthEast', null, '2015-07-12 15:29:23', '0', '1', '1', 'http://7xixxm.com2.z0.glb.clouddn.com/12366ab7-cc98-4730-b74c-2f7f1cdf3f81.jpg', '10', '紫玉兰的果实———以后还买什么黄瓜！', '2', '8', '名字要取的有特色', '2', '518', '433', '1');
INSERT INTO `t_joke` VALUES ('25', null, 'http://7xixxm.com2.z0.glb.clouddn.com/e2a8fad2-7922-43df-8158-73008f64ea6e.jpg?watermark/1/image/aHR0cDovLzd4amVoZy5jb20xLnowLmdsYi5jbG91ZGRuLmNvbS93YXRlcm1hcmsucG5n/dissolve/50/gravity/SouthEast', null, '2015-07-12 15:34:21', '0', '1', '0', 'http://7xixxm.com2.z0.glb.clouddn.com/ff0d63db-cfaa-4a2e-9953-4ab9e1d1d483.jpg', '12', '孩子不爱吃药？？谁家爹妈想出的这招儿！', '2', '7', '瞎扯淡', '4', '469', '434', '1');
INSERT INTO `t_joke` VALUES ('26', null, 'http://7xixxm.com2.z0.glb.clouddn.com/c7529734-43e0-4192-99b5-eea41dab141f.jpg?watermark/1/image/aHR0cDovLzd4amVoZy5jb20xLnowLmdsYi5jbG91ZGRuLmNvbS93YXRlcm1hcmsucG5n/dissolve/50/gravity/SouthEast', null, '2015-07-12 20:11:31', '0', '1', '2', 'http://7xixxm.com2.z0.glb.clouddn.com/744b687d-4816-4d89-b349-c85fde6ababc.jpg', '10', '今天吃饭老板给我找了两张钱。', '2', '5', '用户476777@qq.com', '2', '442', '492', '1');
INSERT INTO `t_joke` VALUES ('27', null, 'http://7xixxm.com2.z0.glb.clouddn.com/6f872921-50c0-49db-a320-08ad45118d8e.jpg?watermark/1/image/aHR0cDovLzd4amVoZy5jb20xLnowLmdsYi5jbG91ZGRuLmNvbS93YXRlcm1hcmsucG5n/dissolve/50/gravity/SouthEast', null, '2015-07-12 20:41:51', '0', '1', '0', 'http://7xixxm.com2.z0.glb.clouddn.com/ff0d63db-cfaa-4a2e-9953-4ab9e1d1d483.jpg', '9', '', '3', '7', '瞎扯淡', '0', '736', '600', '1');
INSERT INTO `t_joke` VALUES ('28', null, 'http://7xixxm.com2.z0.glb.clouddn.com/90f7af41-c839-464a-bb7b-6026d0b51afd.jpg?watermark/1/image/aHR0cDovLzd4amVoZy5jb20xLnowLmdsYi5jbG91ZGRuLmNvbS93YXRlcm1hcmsucG5n/dissolve/50/gravity/SouthEast', null, '2015-07-12 20:42:06', '0', '1', '0', 'http://7xixxm.com2.z0.glb.clouddn.com/cc44325c-701b-4e97-8b93-c9187c75218e.jpg', '8', '', '3', '1', '残剑', '3', '340', '510', '1');
INSERT INTO `t_joke` VALUES ('29', null, 'http://7xixxm.com2.z0.glb.clouddn.com/790eb532-6bfb-4476-b55b-1adbcba74405.jpg?watermark/1/image/aHR0cDovLzd4amVoZy5jb20xLnowLmdsYi5jbG91ZGRuLmNvbS93YXRlcm1hcmsucG5n/dissolve/50/gravity/SouthEast', null, '2015-07-12 20:42:26', '0', '1', '1', null, '7', '', '3', '10', '用户23456ddy567@fyiyt6.com', '0', '750', '500', '1');
INSERT INTO `t_joke` VALUES ('30', null, 'http://7xixxm.com2.z0.glb.clouddn.com/b2c50505-6ca7-4da7-a561-f55641184f63.jpg?watermark/1/image/aHR0cDovLzd4amVoZy5jb20xLnowLmdsYi5jbG91ZGRuLmNvbS93YXRlcm1hcmsucG5n/dissolve/50/gravity/SouthEast', null, '2015-07-12 20:58:08', '0', '1', '0', 'http://7xixxm.com2.z0.glb.clouddn.com/95f28ea5-7e41-4461-ab7b-46488119bc51.jpg', '9', '', '3', '3', '名字不好取', '9', '900', '600', '1');
INSERT INTO `t_joke` VALUES ('31', null, 'http://7xjehg.com1.z0.glb.clouddn.com/96e9f702-b287-4ff1-b5e2-0c89862cd993.jpg?watermark/1/image/aHR0cDovLzd4amVoZy5jb20xLnowLmdsYi5jbG91ZGRuLmNvbS93YXRlcm1hcmsucG5n/dissolve/50/gravity/SouthEast', null, '2015-07-30 21:47:29', '0', '1', '0', null, '9', '准备晚上拿去吃个夜宵的。', '2', '19', '用户18711370881', '0', '343', '581', '1');
INSERT INTO `t_joke` VALUES ('32', null, null, '高考填报志愿时，我见班上一女生迟疑了许久。\r\n于是我上前关心到：“你成绩不挺好的吗！怎么迟疑了这么久？”\r\n女生回答道：“我父母要我报师范大学，可我不想读师范。”\r\n我：“师范不挺好的吗！以后当老师多好啊。”\r\n女生：“你不知道我姓‘苍’吗？”', '2015-07-30 21:55:19', '0', '1', '0', 'http://7xixxm.com2.z0.glb.clouddn.com/48dc6f75-43c4-4b4e-b9b8-7d4ced0fbdde.jpg', '7', null, '1', '14', '残剑', '0', '0', '0', '1');
INSERT INTO `t_joke` VALUES ('33', null, null, '有一天，老婆在我一本旧书里面翻出来一张美女的照片，遂找我追问，我淡定地说：“哦，这个是我初中同学，我们曾经做过……”\r\n老婆一阵拳打脚踢，半分钟后，我在地上奄奄一息地吐出两个字：“同桌！”', '2015-07-30 21:56:50', '0', '1', '1', 'http://7xixxm.com2.z0.glb.clouddn.com/b7810e57-b3e5-4949-931e-d92a33741dfa.jpg', '6', null, '1', '6', '取个好听的名字', '0', '0', '0', '1');
INSERT INTO `t_joke` VALUES ('34', null, null, '课上数学老师让同学上去写题目，然后问下面的同学对不对，全班异口同声说：对。\r\n我脑子瓦特，大喊：错！\r\n全班盯着看我，然后老师问我：哪错了。\r\n我淡定的说道：看错了！', '2015-07-30 21:59:18', '0', '1', '0', 'http://tp2.sinaimg.cn/2635074013/50/0/1', '7', null, '1', '8', 'n残剑', '1', '0', '0', '1');
INSERT INTO `t_joke` VALUES ('35', null, 'http://7xjehg.com1.z0.glb.clouddn.com/dac861c0-c4b5-45b2-b687-f154c3e364dd.jpg?watermark/1/image/aHR0cDovLzd4amVoZy5jb20xLnowLmdsYi5jbG91ZGRuLmNvbS93YXRlcm1hcmsucG5n/dissolve/50/gravity/SouthEast', null, '2015-07-30 22:03:26', '0', '1', '0', 'http://7xixxm.com2.z0.glb.clouddn.com/2f59c83b-1877-412a-ba17-8ec46caaad02.jpg', '7', '', '3', '12', 'sunny', '0', '800', '960', '1');
INSERT INTO `t_joke` VALUES ('36', null, 'http://7xjehg.com1.z0.glb.clouddn.com/66e147a4-e52f-4c00-a4a8-1c9e31398afd.jpg?watermark/1/image/aHR0cDovLzd4amVoZy5jb20xLnowLmdsYi5jbG91ZGRuLmNvbS93YXRlcm1hcmsucG5n/dissolve/50/gravity/SouthEast', null, '2015-07-30 22:05:08', '0', '1', '0', null, '6', '这是谁送的礼物？', '3', '13', '做啥子', '1', '1000', '666', '1');
INSERT INTO `t_joke` VALUES ('37', null, null, '某室友问：“我们拉大的时候要怎样才水才不会溅到屁股上？”\r\nA哥答到：“你可以拉出来的时候，用手接住再慢慢的放入马桶中。”接下来整个寝室暴笑！', '2015-07-30 22:06:30', '0', '1', '0', null, '6', null, '1', '4', '用户476777388@qq.com', '0', '0', '0', '1');
INSERT INTO `t_joke` VALUES ('38', null, 'http://7xjehg.com1.z0.glb.clouddn.com/02947c78-baa9-42bc-b8be-b2438890e1b0.jpg?watermark/1/image/aHR0cDovLzd4amVoZy5jb20xLnowLmdsYi5jbG91ZGRuLmNvbS93YXRlcm1hcmsucG5n/dissolve/50/gravity/SouthEast', null, '2015-07-31 22:46:26', '0', '1', '0', 'http://7xixxm.com2.z0.glb.clouddn.com/ff0d63db-cfaa-4a2e-9953-4ab9e1d1d483.jpg', '6', '', '3', '7', '瞎扯淡', '0', '672', '499', '1');
INSERT INTO `t_joke` VALUES ('39', null, null, '妈妈说：你看你房子像猪窝一样，还不收拾。\r\n我答：你见过猪会收拾屋子吗？不都是养猪的给收拾的！', '2015-07-31 22:47:55', '0', '1', '0', 'http://7xixxm.com2.z0.glb.clouddn.com/95f28ea5-7e41-4461-ab7b-46488119bc51.jpg', '6', null, '1', '3', '名字不好取', '1', '0', '0', '1');
INSERT INTO `t_joke` VALUES ('40', null, null, '男：“很高兴你在那么多人面前夸我。”\r\n女：“你要个头没个头，要长相没长相，要不说你聪明，朋友们该怎么看我。”', '2015-07-31 22:48:22', '0', '1', '0', 'http://7xixxm.com2.z0.glb.clouddn.com/2f59c83b-1877-412a-ba17-8ec46caaad02.jpg', '6', null, '1', '12', 'sunny', '2', '0', '0', '1');
INSERT INTO `t_joke` VALUES ('41', null, 'http://7xjehg.com1.z0.glb.clouddn.com/7a81ffd8-de84-42db-8f13-c478810b9ee9.jpg?watermark/1/image/aHR0cDovLzd4amVoZy5jb20xLnowLmdsYi5jbG91ZGRuLmNvbS93YXRlcm1hcmsucG5n/dissolve/50/gravity/SouthEast', null, '2015-07-31 22:49:40', '0', '1', '0', 'http://7xixxm.com2.z0.glb.clouddn.com/cc44325c-701b-4e97-8b93-c9187c75218e.jpg', '9', '每天上班时的心情就是这样', '2', '1', '残剑', '2', '793', '391', '1');
INSERT INTO `t_joke` VALUES ('42', null, 'http://7xjehg.com1.z0.glb.clouddn.com/1275cd64-9362-491f-b301-bad03b4d757a.jpg?watermark/1/image/aHR0cDovLzd4amVoZy5jb20xLnowLmdsYi5jbG91ZGRuLmNvbS93YXRlcm1hcmsucG5n/dissolve/50/gravity/SouthEast', null, '2015-08-01 00:26:15', '0', '1', '5', null, '8', '刚提的车，炫耀一下', '2', '20', '莫莫莫莫', '0', '493', '394', '1');
INSERT INTO `t_joke` VALUES ('43', null, 'http://7xjehg.com1.z0.glb.clouddn.com/c152baf5-f932-498f-9993-66ef4a5d8deb.jpg?watermark/1/image/aHR0cDovLzd4amVoZy5jb20xLnowLmdsYi5jbG91ZGRuLmNvbS93YXRlcm1hcmsucG5n/dissolve/50/gravity/SouthEast', null, '2015-08-01 00:26:43', '0', '1', '0', 'http://7xixxm.com2.z0.glb.clouddn.com/b7810e57-b3e5-4949-931e-d92a33741dfa.jpg', '7', '来一张素颜的', '3', '6', '取个好听的名字', '1', '800', '534', '1');
INSERT INTO `t_joke` VALUES ('44', null, null, '一次数学考试成绩，老师改好卷子发下来了，我一看分数69分，内牛满面啊，\r\n同桌突然来了句：“你把卷子拿倒了。”\r\n我激动起来，我TMD应该96啊！！！我把卷子倒过来一看MD还是69！', '2015-08-01 00:32:50', '0', '1', '0', 'http://7xixxm.com2.z0.glb.clouddn.com/cc44325c-701b-4e97-8b93-c9187c75218e.jpg', '6', null, '1', '1', '残剑', '0', '0', '0', '1');
INSERT INTO `t_joke` VALUES ('45', null, null, '公交车上，一汉子掏东西不小心把避孕套掉在地上。\r\n边上一女子对他说：“大哥，你二弟的工作服掉了。”\r\n汉子不屑地说：“哦，不要了，二弟换单位了，单位要求上班期间不得穿工作服，违者开除。”‍‍‍‍', '2015-08-01 00:33:10', '0', '1', '0', 'http://7xixxm.com2.z0.glb.clouddn.com/aca00f27-287e-49bf-b38a-fda66178c18a.jpg', '8', null, '1', '2', '飞雪', '0', '0', '0', '1');
INSERT INTO `t_joke` VALUES ('46', null, null, '媳妇刚考完驾照没多久，就对我说：“我想开车去趟爷爷家。”\r\n我说：“行，只能咱们自己去，不能带孩子。”\r\n话音刚落，儿子大喊：“爸爸，我不怕死，就让我妈带我去吧。”\r\n这熊孩子瞎说什么大实话……', '2015-08-01 00:33:52', '0', '1', '0', 'http://7xixxm.com2.z0.glb.clouddn.com/ff0d63db-cfaa-4a2e-9953-4ab9e1d1d483.jpg', '7', null, '1', '7', '瞎扯淡', '0', '0', '0', '1');
INSERT INTO `t_joke` VALUES ('47', null, 'http://7xjehg.com1.z0.glb.clouddn.com/a34c30b1-cd6c-4050-8b35-63cb1d6bee30.jpg?watermark/1/image/aHR0cDovLzd4amVoZy5jb20xLnowLmdsYi5jbG91ZGRuLmNvbS93YXRlcm1hcmsucG5n/dissolve/50/gravity/SouthEast', null, '2015-08-01 00:34:37', '0', '1', '0', null, '8', '这熊孩子有前途', '2', '13', '做啥子', '0', '587', '440', '1');
INSERT INTO `t_joke` VALUES ('48', null, 'http://7xjehg.com1.z0.glb.clouddn.com/1bc3006d-9ac7-4a0d-a35f-1033ed14d74d.jpg?watermark/1/image/aHR0cDovLzd4amVoZy5jb20xLnowLmdsYi5jbG91ZGRuLmNvbS93YXRlcm1hcmsucG5n/dissolve/50/gravity/SouthEast', null, '2015-08-01 00:35:13', '0', '1', '0', null, '8', '清纯女教师', '3', '18', '佛佛佛佛', '0', '800', '533', '1');
INSERT INTO `t_joke` VALUES ('49', null, 'http://7xjehg.com1.z0.glb.clouddn.com/19ba8b96-bbd5-4078-9ecd-76ff60dfcfd5.jpg?watermark/1/image/aHR0cDovLzd4amVoZy5jb20xLnowLmdsYi5jbG91ZGRuLmNvbS93YXRlcm1hcmsucG5n/dissolve/50/gravity/SouthEast', null, '2015-08-01 00:35:48', '0', '1', '0', 'http://7xixxm.com2.z0.glb.clouddn.com/ff0d63db-cfaa-4a2e-9953-4ab9e1d1d483.jpg', '9', '清纯女教师的清纯面孔，火爆身材', '3', '7', '瞎扯淡', '0', '800', '533', '1');
INSERT INTO `t_joke` VALUES ('50', null, null, '和女友吵架，女友一气之下把我锁在门外，我灵机一动开始在门外讲鬼故事，果然不一会儿门开了，\r\n\"我怕，你进来陪我好不好？\"隔壁李叔叔打开门，紧张的对我说。', '2015-08-01 14:40:55', '0', '1', '0', 'http://7xixxm.com2.z0.glb.clouddn.com/cc44325c-701b-4e97-8b93-c9187c75218e.jpg', '8', null, '1', '1', '残剑', '0', '0', '0', '1');
INSERT INTO `t_joke` VALUES ('51', null, null, '火车上看见一小孩在到处找东西，便问他找什么。\r\n小孩：“哥哥，你看见我的小黑球了吗？”\r\n我说：“没有。”\r\n这货挠了挠头说：“没关系，我再做一个吧。”\r\n然后，他把手伸进了鼻孔。。。', '2015-08-01 17:30:50', '0', '1', '0', 'http://7xixxm.com2.z0.glb.clouddn.com/2f59c83b-1877-412a-ba17-8ec46caaad02.jpg', '8', null, '1', '12', 'sunny', '0', '0', '0', '1');
INSERT INTO `t_joke` VALUES ('52', null, 'http://7xjehg.com1.z0.glb.clouddn.com/4fe897ac-2ae0-47af-87e9-27d4d6b7fc49.jpg?watermark/1/image/aHR0cDovLzd4amVoZy5jb20xLnowLmdsYi5jbG91ZGRuLmNvbS93YXRlcm1hcmsucG5n/dissolve/50/gravity/SouthEast', null, '2015-08-01 19:32:21', '0', '1', '0', 'http://7xixxm.com2.z0.glb.clouddn.com/ff0d63db-cfaa-4a2e-9953-4ab9e1d1d483.jpg', '8', '这些字，你认识几个？', '2', '7', '瞎扯淡', '0', '406', '386', '1');
INSERT INTO `t_joke` VALUES ('53', null, 'http://7xjehg.com1.z0.glb.clouddn.com/a6b726e8-29fb-4550-b7a1-b68d79c78763.jpg?watermark/1/image/aHR0cDovLzd4amVoZy5jb20xLnowLmdsYi5jbG91ZGRuLmNvbS93YXRlcm1hcmsucG5n/dissolve/50/gravity/SouthEast', null, '2015-08-01 19:56:41', '0', '1', '0', 'http://7xixxm.com2.z0.glb.clouddn.com/b7810e57-b3e5-4949-931e-d92a33741dfa.jpg', '9', '', '3', '6', '取个好听的名字', '0', '1280', '960', '1');
INSERT INTO `t_joke` VALUES ('54', null, 'http://7xjehg.com1.z0.glb.clouddn.com/19c7b609-8fd0-479f-a41b-0936f703a141.jpg?watermark/1/image/aHR0cDovLzd4amVoZy5jb20xLnowLmdsYi5jbG91ZGRuLmNvbS93YXRlcm1hcmsucG5n/dissolve/50/gravity/SouthEast', null, '2015-08-01 20:33:17', '0', '1', '0', null, '9', '混血性感嫩模邹晶晶豹纹内衣熬人美胸', '3', '13', '做啥子', '0', '1030', '700', '1');
INSERT INTO `t_joke` VALUES ('55', null, 'http://7xjehg.com1.z0.glb.clouddn.com/93303175-ca1c-487d-9588-2da3857d9b3c.jpg?watermark/1/image/aHR0cDovLzd4amVoZy5jb20xLnowLmdsYi5jbG91ZGRuLmNvbS93YXRlcm1hcmsucG5n/dissolve/50/gravity/SouthEast', null, '2015-08-01 20:33:58', '0', '1', '0', 'http://7xixxm.com2.z0.glb.clouddn.com/2f59c83b-1877-412a-ba17-8ec46caaad02.jpg', '8', '今年流行的青蛙汉堡包', '2', '12', 'sunny', '0', '333', '500', '1');
INSERT INTO `t_joke` VALUES ('56', null, null, '我一个同学去便利店打工。\r\n一天，老板：“今天两个客人打架都掐出血了，你都不去拉架？我经常告诉你们顾客就是上帝，都忘了吗？”\r\n同学：“诸神之战。凡人岂敢插手。”', '2015-08-01 20:34:38', '0', '1', '0', 'http://7xixxm.com2.z0.glb.clouddn.com/95f28ea5-7e41-4461-ab7b-46488119bc51.jpg', '7', null, '1', '3', '名字不好取', '0', '0', '0', '1');
INSERT INTO `t_joke` VALUES ('57', null, null, '昨天一帮死党在老大家聚会，老大自己喝高了，他媳妇帮他宽衣，\r\n他嘟囔着：你是我媳妇吗？脱裤子的手法这么娴熟，以前是干什么职业的啊？\r\n他媳妇一个大耳光甩过去，“我以前是专业醒酒师！', '2015-08-01 20:35:04', '0', '1', '0', 'http://7xixxm.com2.z0.glb.clouddn.com/ff0d63db-cfaa-4a2e-9953-4ab9e1d1d483.jpg', '8', null, '1', '7', '瞎扯淡', '0', '0', '0', '1');
INSERT INTO `t_joke` VALUES ('58', null, 'http://7xjehg.com1.z0.glb.clouddn.com/50d9c76f-7106-43a8-be9f-5a9fd7fddb2f.jpg?watermark/1/image/aHR0cDovLzd4amVoZy5jb20xLnowLmdsYi5jbG91ZGRuLmNvbS93YXRlcm1hcmsucG5n/dissolve/50/gravity/SouthEast', null, '2015-08-01 20:37:03', '0', '1', '0', 'http://7xixxm.com2.z0.glb.clouddn.com/b7810e57-b3e5-4949-931e-d92a33741dfa.jpg', '8', '杀人分尸案', '2', '6', '取个好听的名字', '0', '658', '500', '1');
INSERT INTO `t_joke` VALUES ('59', null, 'http://7xjehg.com1.z0.glb.clouddn.com/bbc01db2-eed2-420c-95c4-678e01367205.jpg?watermark/1/image/aHR0cDovLzd4amVoZy5jb20xLnowLmdsYi5jbG91ZGRuLmNvbS93YXRlcm1hcmsucG5n/dissolve/50/gravity/SouthEast', null, '2015-08-01 20:37:45', '0', '1', '1', null, '8', '还让不让人好好打麻将？', '2', '20', '莫莫莫莫', '0', '517', '440', '1');
INSERT INTO `t_joke` VALUES ('60', null, 'http://7xjehg.com1.z0.glb.clouddn.com/c18b30ae-2e43-467f-b475-37da6c3b6358.jpg?watermark/1/image/aHR0cDovLzd4amVoZy5jb20xLnowLmdsYi5jbG91ZGRuLmNvbS93YXRlcm1hcmsucG5n/dissolve/50/gravity/SouthEast', null, '2015-08-01 20:39:36', '0', '1', '0', 'http://7xixxm.com2.z0.glb.clouddn.com/cc44325c-701b-4e97-8b93-c9187c75218e.jpg', '10', '', '3', '1', '残剑', '0', '428', '690', '1');
INSERT INTO `t_joke` VALUES ('61', null, null, '某日，一个对中文略知一二的老外去某工厂参观。 半路当中，厂长说：“对不起，我去方便一下。” 老外不懂这句中文，问翻译：“方便是什么意思。” 翻译说，“就是去厕所。”老外：“哦……” 参观结束，厂长热情地对老外说：“下次你方便的时候一起吃饭！” 老外一脸不高兴，用生硬的中文说：“我在方便的时候从来不吃饭！”', '2015-08-02 11:39:33', '0', '1', '0', 'http://7xixxm.com2.z0.glb.clouddn.com/aca00f27-287e-49bf-b38a-fda66178c18a.jpg', '7', null, '1', '2', '飞雪', '0', '0', '0', '1');
INSERT INTO `t_joke` VALUES ('62', null, 'http://7xjehg.com1.z0.glb.clouddn.com/b771e99c-fc99-44b3-b7ed-a78b1ef40176.jpg?watermark/1/image/aHR0cDovLzd4amVoZy5jb20xLnowLmdsYi5jbG91ZGRuLmNvbS93YXRlcm1hcmsucG5n/gravity/SouthEast', null, '2015-08-02 16:56:41', '0', '1', '0', 'http://7xixxm.com2.z0.glb.clouddn.com/b7810e57-b3e5-4949-931e-d92a33741dfa.jpg', '5', '请人吃饭真不容易，要有钱，还要语文好', '2', '6', '取个好听的名字', '0', '533', '400', '1');
INSERT INTO `t_joke` VALUES ('63', null, 'http://7xjehg.com1.z0.glb.clouddn.com/0b4380f1-42be-4b55-a2b6-551df86e15b5.jpg?watermark/1/image/aHR0cDovLzd4amVoZy5jb20xLnowLmdsYi5jbG91ZGRuLmNvbS93YXRlcm1hcmsucG5n/gravity/SouthEast', null, '2015-08-02 16:59:43', '0', '1', '0', 'http://7xixxm.com2.z0.glb.clouddn.com/ff0d63db-cfaa-4a2e-9953-4ab9e1d1d483.jpg', '6', '', '3', '7', '瞎扯淡', '0', '520', '800', '1');
INSERT INTO `t_joke` VALUES ('64', null, null, '一哥们跟女友分手了，女友给了他一张纸条：145X154÷D2：1。\r\n这哥们花费了几年的时间才整明白啥意思：一事无成一无是处的二b，太特么深奥了。', '2015-08-03 21:59:19', '0', '1', '0', 'http://7xixxm.com2.z0.glb.clouddn.com/95f28ea5-7e41-4461-ab7b-46488119bc51.jpg', '5', null, '1', '3', '名字不好取', '0', '0', '0', '1');
INSERT INTO `t_joke` VALUES ('65', null, null, '男人陪女朋友逛街一定要有耐心，特别是买包包时，\r\n要充分考虑颜色、款式、大小以及搭配的效果，\r\n因为你背包包的时间往往比你女朋友更长。', '2015-08-03 22:01:30', '0', '1', '0', 'http://7xixxm.com2.z0.glb.clouddn.com/cc44325c-701b-4e97-8b93-c9187c75218e.jpg', '5', null, '1', '1', '残剑', '0', '0', '0', '1');
INSERT INTO `t_joke` VALUES ('66', null, 'http://7xjehg.com1.z0.glb.clouddn.com/cbff49c0-581a-498c-b40a-cac7785b4f66.jpg?watermark/1/image/aHR0cDovLzd4amVoZy5jb20xLnowLmdsYi5jbG91ZGRuLmNvbS93YXRlcm1hcmsucG5n/dissolve/50/gravity/SouthEast', null, '2015-08-03 22:02:01', '0', '1', '0', 'http://7xixxm.com2.z0.glb.clouddn.com/b7810e57-b3e5-4949-931e-d92a33741dfa.jpg', '5', '这个真的不能急', '2', '6', '取个好听的名字', '1', '500', '550', '1');
INSERT INTO `t_joke` VALUES ('67', null, 'http://7xjehg.com1.z0.glb.clouddn.com/0e77408c-e7df-42d4-bc36-91cde6746769.jpg?watermark/1/image/aHR0cDovLzd4amVoZy5jb20xLnowLmdsYi5jbG91ZGRuLmNvbS93YXRlcm1hcmsucG5n/dissolve/50/gravity/SouthEast', null, '2015-08-03 22:02:31', '0', '1', '0', 'http://7xixxm.com2.z0.glb.clouddn.com/aca00f27-287e-49bf-b38a-fda66178c18a.jpg', '6', '', '3', '2', '飞雪', '0', '655', '460', '1');
INSERT INTO `t_joke` VALUES ('68', null, null, '刚刚在节目看到了一个中美混血儿，喜欢的不得了，\r\n就激动地跟老公说：“老公！老公！你看！混血儿多可爱啊！以后我也给你生个混血儿吧！”\r\n然后我老公脸都绿了。', '2015-08-03 22:03:41', '0', '1', '0', null, '5', null, '1', '20', '莫莫莫莫', '0', '0', '0', '1');
INSERT INTO `t_joke` VALUES ('69', null, null, '儿子大学毕业，提着笔记本电脑回家了。\r\n爸爸笑着问：“毕业了？”\r\n儿子：“嗯。”\r\n爸爸：“好像不对呀！”\r\n儿子：“怎么不对，要不要给你看看我的毕业证？”\r\n爸爸：“没领个女朋友回来，你就毕业啦？”', '2015-08-03 22:04:10', '0', '1', '0', 'http://7xixxm.com2.z0.glb.clouddn.com/ff0d63db-cfaa-4a2e-9953-4ab9e1d1d483.jpg', '5', null, '1', '7', '瞎扯淡', '0', '0', '0', '1');
INSERT INTO `t_joke` VALUES ('70', null, 'http://7xjehg.com1.z0.glb.clouddn.com/5f179e60-fe7f-4a35-aa06-162105cfecc3.jpg?watermark/1/image/aHR0cDovLzd4amVoZy5jb20xLnowLmdsYi5jbG91ZGRuLmNvbS93YXRlcm1hcmsucG5n/dissolve/50/gravity/SouthEast', null, '2015-08-03 22:04:36', '0', '1', '0', 'http://tp2.sinaimg.cn/2635074013/50/0/1', '5', '', '3', '8', 'n残剑', '0', '1278', '850', '1');
INSERT INTO `t_joke` VALUES ('71', null, 'http://7xjehg.com1.z0.glb.clouddn.com/39df4551-8b72-46f7-b9c3-5968a064fb89.jpg?watermark/1/image/aHR0cDovLzd4amVoZy5jb20xLnowLmdsYi5jbG91ZGRuLmNvbS93YXRlcm1hcmsucG5n/dissolve/50/gravity/SouthEast', null, '2015-08-03 22:04:56', '0', '1', '0', 'http://7xixxm.com2.z0.glb.clouddn.com/cc44325c-701b-4e97-8b93-c9187c75218e.jpg', '6', '妈妈快来找我', '2', '1', '残剑', '0', '461', '440', '1');
INSERT INTO `t_joke` VALUES ('72', null, null, '今天，公司的同事出了个谜语——“剩女的恐惧“，打一成语，\r\n在我们所有人绞尽乳汁想答案的时候，一女同事叹了口气说：“死而无汉……“', '2015-08-04 19:57:30', '0', '1', '0', 'http://7xixxm.com2.z0.glb.clouddn.com/2f59c83b-1877-412a-ba17-8ec46caaad02.jpg', '4', null, '1', '12', 'sunny', '0', '0', '0', '1');
INSERT INTO `t_joke` VALUES ('73', null, null, '女同事在电脑前抱怨：“都好几天了，怎么还不来，真烦人？”\r\n一同事突然接道：“你别吓我，那时不是安全期吗？”\r\n“我是说快递。。。”\r\n“噢。。。”\r\n现在办公室里的空气有些安静。', '2015-08-04 19:58:25', '0', '1', '0', 'http://7xixxm.com2.z0.glb.clouddn.com/95f28ea5-7e41-4461-ab7b-46488119bc51.jpg', '4', null, '1', '3', '名字不好取', '0', '0', '0', '1');
INSERT INTO `t_joke` VALUES ('74', null, null, '家长：“王老师，这是一千块钱，希望这学期多照顾我儿子一点！”\r\n老师：“这位家长，你这样让我很为难，我可是一位一视同仁的老师，别的家长可都是给两千的！”', '2015-08-04 20:24:17', '0', '1', '0', null, '4', null, '1', '17', '爆料称', '0', '0', '0', '1');
INSERT INTO `t_joke` VALUES ('75', null, 'http://7xjehg.com1.z0.glb.clouddn.com/0e742b66-d780-4c0d-9caf-ace02f871b55.jpg?watermark/1/image/aHR0cDovLzd4amVoZy5jb20xLnowLmdsYi5jbG91ZGRuLmNvbS93YXRlcm1hcmsucG5n/dissolve/50/gravity/SouthEast', null, '2015-08-04 20:25:12', '0', '1', '0', null, '5', '有沟必火', '2', '18', '佛佛佛佛', '0', '546', '435', '1');
INSERT INTO `t_joke` VALUES ('76', null, 'http://7xjehg.com1.z0.glb.clouddn.com/a3cab891-b6a1-43b3-9f83-16f4891a90e6.jpg?watermark/1/image/aHR0cDovLzd4amVoZy5jb20xLnowLmdsYi5jbG91ZGRuLmNvbS93YXRlcm1hcmsucG5n/dissolve/50/gravity/SouthEast', null, '2015-08-04 20:26:06', '0', '1', '0', 'http://7xixxm.com2.z0.glb.clouddn.com/cc44325c-701b-4e97-8b93-c9187c75218e.jpg', '5', '', '3', '1', '残剑', '0', '414', '640', '1');
INSERT INTO `t_joke` VALUES ('77', null, null, '小明和小刚打架被叫到办公室！\r\n小明：“老师，是小刚打我的！”\r\n老师：“一个巴掌拍不响，你肯定打他了！”\r\n小明一巴掌打在老师脸上，说到：“响吗？？”', '2015-08-04 20:27:05', '0', '1', '0', 'http://7xixxm.com2.z0.glb.clouddn.com/95f28ea5-7e41-4461-ab7b-46488119bc51.jpg', '4', null, '1', '3', '名字不好取', '0', '0', '0', '1');
INSERT INTO `t_joke` VALUES ('78', null, null, '有一次老师家访，到我家后老师对我爸爸说：“您好，我是您儿子的班主任，我叫金莲。”\r\n爸爸说：“您好！您好！潘老师请坐。”\r\n班主任：“不好意思，我姓金……', '2015-08-04 20:28:16', '0', '1', '0', 'http://7xixxm.com2.z0.glb.clouddn.com/cc44325c-701b-4e97-8b93-c9187c75218e.jpg', '4', null, '1', '1', '残剑', '0', '0', '0', '1');
INSERT INTO `t_joke` VALUES ('79', null, 'http://7xjehg.com1.z0.glb.clouddn.com/b5d5a29d-5107-40bc-a867-c39f3fd9c731.jpg?watermark/1/image/aHR0cDovLzd4amVoZy5jb20xLnowLmdsYi5jbG91ZGRuLmNvbS93YXRlcm1hcmsucG5n/dissolve/50/gravity/SouthEast', null, '2015-08-04 20:31:17', '0', '1', '0', 'http://7xjehg.com1.z0.glb.clouddn.com/1bd93944-6c33-470f-82ca-6e2ec5641ffa.jpg', '7', '', '3', '21', '你大爷', '0', '604', '395', '1');
INSERT INTO `t_joke` VALUES ('80', null, 'http://7xjehg.com1.z0.glb.clouddn.com/d2a11493-6ab5-4997-be56-b3ba5ad630d0.jpg?watermark/1/image/aHR0cDovLzd4amVoZy5jb20xLnowLmdsYi5jbG91ZGRuLmNvbS93YXRlcm1hcmsucG5n/dissolve/50/gravity/SouthEast', null, '2015-08-04 20:31:46', '0', '1', '0', null, '6', '', '3', '22', '瞅你咋地', '0', '960', '640', '1');
INSERT INTO `t_joke` VALUES ('81', null, null, '某地地震，领导去赈灾，眼见一片一片的废墟和群群救援的武警战士，领导伤心的眼泪夺眶而出……，这时，随行秘书凑到领导耳边说：领导，灾区还没到呢，这儿正在拆迁！', '2015-08-06 21:52:04', '0', '1', '0', 'http://7xixxm.com2.z0.glb.clouddn.com/95f28ea5-7e41-4461-ab7b-46488119bc51.jpg', '2', null, '1', '3', '名字不好取', '0', '0', '0', '1');
INSERT INTO `t_joke` VALUES ('82', null, null, '老公：老婆，最近我发现你又胖了。\r\n老婆：放你娘的狗屁！你怎么看出我又胖了？\r\n老公：我不是看出来的，是从你刚才放屁的屁声听出来的！\r\n老婆：怎么了？\r\n老公：以前你的屁声很敞亮，现在屁声很晦涩，明显是被屁股的肉块夹住了！', '2015-08-06 21:53:34', '0', '1', '0', 'http://tp2.sinaimg.cn/2635074013/50/0/1', '2', null, '1', '8', 'n残剑', '0', '0', '0', '1');
INSERT INTO `t_joke` VALUES ('83', null, null, '和几个同学去买鞋子。逛了几家店终于看上一双，可是还想让老板降点价，其中一个说：“老板，便宜点吧，我们人多。”　　老板听完这话蹭地站起来，说道：“咋子嘛，人多咋子嘛，我还怕了你们嗦!”', '2015-08-06 21:53:52', '0', '1', '0', null, '2', null, '1', '13', '做啥子', '0', '0', '0', '1');
INSERT INTO `t_joke` VALUES ('84', null, 'http://7xjehg.com1.z0.glb.clouddn.com/c26e9ced-7fee-4951-a413-e6592717815a.jpg?watermark/1/image/aHR0cDovLzd4amVoZy5jb20xLnowLmdsYi5jbG91ZGRuLmNvbS93YXRlcm1hcmsucG5n/dissolve/50/gravity/SouthEast', null, '2015-08-06 21:54:44', '0', '1', '0', null, '3', '很有层次感啊有木有', '2', '20', '莫莫莫莫', '1', '330', '500', '1');
INSERT INTO `t_joke` VALUES ('85', null, 'http://7xjehg.com1.z0.glb.clouddn.com/99883270-a0f0-4006-ad43-f2899b3f53fb.jpg?watermark/1/image/aHR0cDovLzd4amVoZy5jb20xLnowLmdsYi5jbG91ZGRuLmNvbS93YXRlcm1hcmsucG5n/dissolve/50/gravity/SouthEast', null, '2015-08-06 21:56:33', '0', '1', '0', null, '4', '', '3', '20', '莫莫莫莫', '0', '975', '650', '1');
INSERT INTO `t_joke` VALUES ('86', null, null, '刚结婚不久，周末媳妇儿和闺蜜去逛街，自己回家吃饭。正吃一半来电话了。“喂，孩子呀，我是你爸。”我一听大怒“孙子!我爸就在我对面吃饭呢，你丫骗谁呀!”怒挂电话，继续吃饭。一会儿我爸抬头问我“会不会是你老丈人啊……丈...人...', '2015-08-06 21:59:17', '0', '1', '0', 'http://7xixxm.com2.z0.glb.clouddn.com/95f28ea5-7e41-4461-ab7b-46488119bc51.jpg', '3', null, '1', '3', '名字不好取', '0', '0', '0', '1');
INSERT INTO `t_joke` VALUES ('87', null, null, '一男的微信上摇一摇，摇到一美女，聊天:“小妞，你真漂亮，请问你是做什么工作的？” 女说：“我是干服务工作的。” 那哥们欣喜地说：“啊，我多想成为你的顾客！请问你在哪里上班？” 女说：“我是在火葬场给尸体化妆的，你啥时候来？” ……', '2015-08-06 23:19:10', '0', '1', '0', 'http://7xixxm.com2.z0.glb.clouddn.com/aca00f27-287e-49bf-b38a-fda66178c18a.jpg', '3', null, '1', '2', '飞雪', '0', '0', '0', '1');
INSERT INTO `t_joke` VALUES ('88', null, null, '甲：今天骑车来上班，遇到一老头碰瓷，非得要我赔他五百块……\r\n乙：你赔了吗？\r\n甲：这时另一个在旁边的老头看不下去了，就说人家小伙子就骑个破自行车能把你撞成啥样？要赔你五百？要钱不要脸了是吧？我就不信了，来，小伙子我们试验一下，究竟能怎样？\r\n乙：这老头挺有正义感的啊？结果呢？\r\n甲：尼玛，狗屁正义感啊，结果我一人赔了五百……', '2015-08-07 23:34:39', '0', '1', '0', 'http://7xixxm.com2.z0.glb.clouddn.com/95f28ea5-7e41-4461-ab7b-46488119bc51.jpg', '0', null, '1', '3', '名字不好取', '0', '0', '0', '1');
INSERT INTO `t_joke` VALUES ('89', null, 'http://7xjehg.com1.z0.glb.clouddn.com/5bcb56fb-bcc8-4a51-bf97-74842ff87c42.jpg?watermark/1/image/aHR0cDovLzd4amVoZy5jb20xLnowLmdsYi5jbG91ZGRuLmNvbS93YXRlcm1hcmsucG5n/dissolve/50/gravity/SouthEast', null, '2015-08-07 23:35:24', '0', '1', '0', 'http://7xixxm.com2.z0.glb.clouddn.com/95f28ea5-7e41-4461-ab7b-46488119bc51.jpg', '1', '谁告诉我这是怎么穿上去的。', '2', '3', '名字不好取', '0', '564', '544', '1');
INSERT INTO `t_joke` VALUES ('90', null, 'http://7xjehg.com1.z0.glb.clouddn.com/29086dac-fbd9-4e72-85b0-d6b5b68eee8c.jpg?watermark/1/image/aHR0cDovLzd4amVoZy5jb20xLnowLmdsYi5jbG91ZGRuLmNvbS93YXRlcm1hcmsucG5n/dissolve/50/gravity/SouthEast', null, '2015-08-07 23:35:50', '0', '1', '0', 'http://tp2.sinaimg.cn/2635074013/50/0/1', '2', '', '3', '8', 'n残剑', '0', '690', '480', '1');
INSERT INTO `t_joke` VALUES ('91', null, 'http://7xjehg.com1.z0.glb.clouddn.com/de02a5bf-e8d7-4df0-b1fa-83d6a8aeab27.jpg?watermark/1/image/aHR0cDovLzd4amVoZy5jb20xLnowLmdsYi5jbG91ZGRuLmNvbS93YXRlcm1hcmsucG5n/dissolve/50/gravity/SouthEast', null, '2015-08-07 23:36:13', '0', '1', '0', null, '2', '', '3', '17', '爆料称', '0', '1081', '720', '1');
INSERT INTO `t_joke` VALUES ('92', null, null, '“你试过强吻吗？”\r\n“试过，后来脸红了两天！”\r\n“都敢强吻了，怎么脸还红？”\r\n“扇的～”', '2015-08-07 23:37:49', '0', '1', '0', 'http://7xixxm.com2.z0.glb.clouddn.com/ff0d63db-cfaa-4a2e-9953-4ab9e1d1d483.jpg', '1', null, '1', '7', '瞎扯淡', '0', '0', '0', '1');
INSERT INTO `t_joke` VALUES ('93', null, 'http://7xjehg.com1.z0.glb.clouddn.com/4a43d513-aba2-49a0-a6b6-528b9ae986b3.jpg?watermark/1/image/aHR0cDovLzd4amVoZy5jb20xLnowLmdsYi5jbG91ZGRuLmNvbS93YXRlcm1hcmsucG5n/dissolve/50/gravity/SouthEast', null, '2015-08-07 23:38:08', '0', '1', '0', 'http://7xixxm.com2.z0.glb.clouddn.com/b7810e57-b3e5-4949-931e-d92a33741dfa.jpg', '2', '', '3', '6', '取个好听的名字', '0', '1136', '640', '1');
INSERT INTO `t_joke` VALUES ('94', null, 'http://7xjehg.com1.z0.glb.clouddn.com/7b29576e-443f-4a67-9d7f-1b915e004e81.jpg?watermark/1/image/aHR0cDovLzd4amVoZy5jb20xLnowLmdsYi5jbG91ZGRuLmNvbS93YXRlcm1hcmsucG5n/dissolve/50/gravity/SouthEast', null, '2015-08-07 23:38:49', '0', '1', '0', 'http://7xixxm.com2.z0.glb.clouddn.com/cc44325c-701b-4e97-8b93-c9187c75218e.jpg', '1', '这见过这么吃火锅的吗？', '2', '1', '残剑', '0', '500', '366', '1');
INSERT INTO `t_joke` VALUES ('95', null, null, '同学的老妈上网买东西，跟店主交流，本来想问：“你能货到付款吗？”\r\n结果写成了：“你能活到付款吗？”\r\n过了好久好久，店主弱弱的回复一句：“亲！我争取。”', '2015-08-07 23:39:18', '0', '1', '0', null, '2', null, '1', '18', '佛佛佛佛', '0', '0', '0', '1');
INSERT INTO `t_joke` VALUES ('96', null, null, '某天，我突然发现空调遥控器没了，就打开百度，\r\n输入：遥控器不见了怎么办？\r\n结果，我看到的第一个答案就是：是不是放在空调上面了？然后我就看了看空调上面，果然就在这！', '2015-08-07 23:39:35', '0', '1', '0', 'http://7xixxm.com2.z0.glb.clouddn.com/cc44325c-701b-4e97-8b93-c9187c75218e.jpg', '2', null, '1', '1', '残剑', '0', '0', '0', '1');
INSERT INTO `t_joke` VALUES ('97', null, 'http://7xjehg.com1.z0.glb.clouddn.com/316c0907-76cc-4e5e-864a-ef9e11822863.jpg?watermark/1/image/aHR0cDovLzd4amVoZy5jb20xLnowLmdsYi5jbG91ZGRuLmNvbS93YXRlcm1hcmsucG5n/dissolve/50/gravity/SouthEast', null, '2015-08-07 23:41:08', '0', '1', '0', 'http://7xixxm.com2.z0.glb.clouddn.com/2f59c83b-1877-412a-ba17-8ec46caaad02.jpg', '2', '', '3', '12', 'sunny', '0', '1024', '719', '1');
INSERT INTO `t_joke` VALUES ('98', null, null, '中午去吃饭，旁边坐了对情侣。\r\n差不多吃完的时候，那一对情侣吵了起来，\r\n男生说女生黑，女生红着脸很气愤的说：“我黑还不是因为你们男人混蛋。。。”\r\n我转过头去看了一眼，女生挺白的，瞬间我明白了什么。', '2015-08-07 23:43:08', '0', '1', '0', 'http://7xixxm.com2.z0.glb.clouddn.com/cc44325c-701b-4e97-8b93-c9187c75218e.jpg', '2', null, '1', '1', '残剑', '0', '0', '0', '1');
INSERT INTO `t_joke` VALUES ('99', null, null, '有一次4级考试我做监考，当时我在讲台上坐着，看到下面一名男生鬼鬼祟祟，\r\n一只手在上面写，一只手在下面动，嘴里还念念有词。\r\n我心想这肯定是在作弊，于是走过去一看，TMD这哥们手里赫然拿着一串佛珠……', '2015-08-07 23:43:40', '0', '1', '0', 'http://7xixxm.com2.z0.glb.clouddn.com/ff0d63db-cfaa-4a2e-9953-4ab9e1d1d483.jpg', '2', null, '1', '7', '瞎扯淡', '0', '0', '0', '1');
INSERT INTO `t_joke` VALUES ('100', null, null, '本人女，下午打车去超市，司机突然停车，并且开始脱衣服。\r\n我完全吓傻了，弱弱的问一句：“你想干嘛？”\r\n司机大哥憨憨地说：“衣服穿反了。”', '2015-08-08 15:02:12', '0', '1', '0', 'http://7xixxm.com2.z0.glb.clouddn.com/95f28ea5-7e41-4461-ab7b-46488119bc51.jpg', '2', null, '1', '3', '名字不好取', '0', '0', '0', '1');
INSERT INTO `t_joke` VALUES ('101', null, null, '儿子举着成绩单高兴地对我说：“爸爸，我考了第一名，你说好要带我去看大海的！”\r\n看到他那期盼的眼神，我摸了摸瘪瘪的钱包，无奈地低下了头，\r\n缓缓地对儿子说：“看吧，这就是地中海！”', '2015-08-08 15:03:27', '0', '1', '0', 'http://7xixxm.com2.z0.glb.clouddn.com/ff0d63db-cfaa-4a2e-9953-4ab9e1d1d483.jpg', '2', null, '1', '7', '瞎扯淡', '0', '0', '0', '1');
INSERT INTO `t_joke` VALUES ('102', null, 'http://7xjehg.com1.z0.glb.clouddn.com/08150a90-02fa-4ae0-923d-78b924123289.jpg?watermark/1/image/aHR0cDovLzd4amVoZy5jb20xLnowLmdsYi5jbG91ZGRuLmNvbS93YXRlcm1hcmsucG5n/dissolve/50/gravity/SouthEast', null, '2015-08-08 15:10:05', '0', '1', '0', 'http://7xixxm.com2.z0.glb.clouddn.com/2f59c83b-1877-412a-ba17-8ec46caaad02.jpg', '2', '生活总是这样，不能叫人处处满意，不要苛求他人，也不要太苛求自己，保持善良，做到真诚。', '3', '12', 'sunny', '0', '923', '640', '1');
INSERT INTO `t_joke` VALUES ('103', null, null, '晚上在家和老公躺在沙发上看韩剧，女主摆出性感的姿势，翘臀挺胸侧躺。\r\n我也学习一下准备诱惑一下我老公，二货老公上来二话不说，朝我屁屁一巴掌拍过去，喊道：“不准放屁。”', '2015-08-08 15:11:41', '0', '1', '0', 'http://7xjehg.com1.z0.glb.clouddn.com/1bd93944-6c33-470f-82ca-6e2ec5641ffa.jpg', '2', null, '1', '21', '你大爷', '0', '0', '0', '1');
INSERT INTO `t_joke` VALUES ('104', null, null, '一次老师正在讲家族遗传图谱，老师问：要是他生的女儿患病的话，女儿跟一正常男人结婚生孩子，患遗传病的概率是多少？\r\n我答曰：可能是零！\r\n老师问为什么！\r\n我说：别忘了世界上有一种病，叫不育不孕！\r\n老师：你给我滚出去！！！', '2015-08-08 15:12:14', '0', '1', '0', 'http://7xixxm.com2.z0.glb.clouddn.com/ff0d63db-cfaa-4a2e-9953-4ab9e1d1d483.jpg', '3', null, '1', '7', '瞎扯淡', '0', '0', '0', '1');
INSERT INTO `t_joke` VALUES ('105', null, 'http://7xjehg.com1.z0.glb.clouddn.com/08d755b8-c512-4473-97cd-275bf4cf601f.jpg?watermark/1/image/aHR0cDovLzd4amVoZy5jb20xLnowLmdsYi5jbG91ZGRuLmNvbS93YXRlcm1hcmsucG5n/dissolve/50/gravity/SouthEast', null, '2015-08-08 15:13:06', '0', '1', '0', 'http://7xixxm.com2.z0.glb.clouddn.com/95f28ea5-7e41-4461-ab7b-46488119bc51.jpg', '3', '这技术牛逼啊！', '2', '3', '名字不好取', '0', '500', '372', '1');
INSERT INTO `t_joke` VALUES ('106', null, null, '那天愚人节，平时从不点名的老师突然点名了。\r\n有同学偷偷的掏手机准备通风报信，老师看到了很开心的说：“你尽管打吧，看谁信你。”', '2015-08-08 15:14:35', '0', '1', '0', 'http://7xixxm.com2.z0.glb.clouddn.com/aca00f27-287e-49bf-b38a-fda66178c18a.jpg', '3', null, '1', '2', '飞雪', '0', '0', '0', '1');
INSERT INTO `t_joke` VALUES ('107', null, 'http://7xjehg.com1.z0.glb.clouddn.com/ab8967e0-9184-46a7-9a54-3db6b37fc265.jpg?watermark/1/image/aHR0cDovLzd4amVoZy5jb20xLnowLmdsYi5jbG91ZGRuLmNvbS93YXRlcm1hcmsucG5n/dissolve/50/gravity/SouthEast', null, '2015-08-08 15:15:36', '0', '1', '0', 'http://7xixxm.com2.z0.glb.clouddn.com/b7810e57-b3e5-4949-931e-d92a33741dfa.jpg', '4', '你只能折腾到在乎你的人，对于不在乎你的人，忘记了你的人，你的所作所为根本起不了任何作用。', '3', '6', '取个好听的名字', '0', '1138', '640', '1');
INSERT INTO `t_joke` VALUES ('108', null, 'http://7xjehg.com1.z0.glb.clouddn.com/c48c8cf7-4419-4440-abd4-84a0bab6723b.jpg?watermark/1/image/aHR0cDovLzd4amVoZy5jb20xLnowLmdsYi5jbG91ZGRuLmNvbS93YXRlcm1hcmsucG5n/dissolve/50/gravity/SouthEast', null, '2015-08-08 15:16:24', '0', '1', '0', 'http://7xixxm.com2.z0.glb.clouddn.com/ff0d63db-cfaa-4a2e-9953-4ab9e1d1d483.jpg', '4', '', '3', '7', '瞎扯淡', '0', '853', '640', '1');
INSERT INTO `t_joke` VALUES ('109', null, null, '晚上和老婆女儿一起睡，女儿睡中间，见女儿睡相可爱，就亲了一下。\r\n老婆看见后，声音低沉的对我说：“畜生，放开她，冲我来！”', '2015-08-08 15:28:36', '0', '1', '0', 'http://7xjehg.com1.z0.glb.clouddn.com/1bd93944-6c33-470f-82ca-6e2ec5641ffa.jpg', '3', null, '1', '21', '你大爷', '0', '0', '0', '1');
INSERT INTO `t_joke` VALUES ('110', null, 'http://7xjehg.com1.z0.glb.clouddn.com/9c6f587c-2999-408f-b85e-84e50b5f216f.jpg?watermark/1/image/aHR0cDovLzd4amVoZy5jb20xLnowLmdsYi5jbG91ZGRuLmNvbS93YXRlcm1hcmsucG5n/dissolve/50/gravity/SouthEast', null, '2015-08-08 15:29:51', '0', '1', '0', 'http://7xjehg.com1.z0.glb.clouddn.com/ae6fe999-ad6c-4881-ae03-9353cc30adfb.jpg', '4', '分别时，看你落泪，我笑着说再见。洒脱，不是无情，而是情到深处。', '3', '24', '小美妞', '1', '943', '640', '1');
INSERT INTO `t_joke` VALUES ('111', null, 'http://7xjehg.com1.z0.glb.clouddn.com/13d4475a-6f93-4d52-a21f-e401da14d88a.jpg?watermark/1/image/aHR0cDovLzd4amVoZy5jb20xLnowLmdsYi5jbG91ZGRuLmNvbS93YXRlcm1hcmsucG5n/dissolve/50/gravity/SouthEast', null, '2015-08-08 15:31:37', '0', '1', '0', null, '4', '老板告诉我，这个是骨头，我怎么觉得那里不对啊？', '2', '22', '瞅你咋地', '0', '515', '500', '1');
INSERT INTO `t_joke` VALUES ('112', null, null, '表姐帮六岁侄子洗脚，对他说：“现在妈妈帮你洗脚，你长大了也要帮妈妈洗脚好不好？”\r\n侄子抬起了头，一脸忧伤地说：“长大了我要把你送到幼儿园。”', '2015-08-08 15:32:31', '0', '1', '0', 'http://7xixxm.com2.z0.glb.clouddn.com/b7810e57-b3e5-4949-931e-d92a33741dfa.jpg', '4', null, '1', '6', '取个好听的名字', '0', '0', '0', '1');
INSERT INTO `t_joke` VALUES ('113', null, null, '和老爸聊天：“爸，如果你年轻那会儿多吃点苦，可能我就是富二代、官二代了”。\r\n老爸：“你现在吃点苦，你儿子就是富二代、官二代了”。\r\n我：“凭什么我吃苦让那小兔崽子享福？”\r\n老爸：“我当时就是那么想的。。。”', '2015-08-08 15:32:48', '0', '1', '0', 'http://7xixxm.com2.z0.glb.clouddn.com/2f59c83b-1877-412a-ba17-8ec46caaad02.jpg', '3', null, '1', '12', 'sunny', '0', '0', '0', '1');
INSERT INTO `t_joke` VALUES ('114', null, 'http://7xjehg.com1.z0.glb.clouddn.com/938775e5-5ecb-4bf4-9ba5-6e9781a28e6d.jpg?watermark/1/image/aHR0cDovLzd4amVoZy5jb20xLnowLmdsYi5jbG91ZGRuLmNvbS93YXRlcm1hcmsucG5n/dissolve/50/gravity/SouthEast', null, '2015-08-08 15:34:05', '0', '1', '0', 'http://7xixxm.com2.z0.glb.clouddn.com/2f59c83b-1877-412a-ba17-8ec46caaad02.jpg', '4', '看星空，很近。看彼此，很远。', '3', '12', 'sunny', '0', '959', '640', '1');
INSERT INTO `t_joke` VALUES ('115', null, null, '有一哥们买了车，媳妇不让开，说省油。让骑电驴。\r\n于是这哥们qq发了个说说，：骑电动车真好，满大街的美女随便看。看到喜欢的美女，还能跟了屁股后边一路尾随，还能搭个讪，真好。\r\n第二天，他媳妇把车钥匙给他了，此后天天开车上班。', '2015-08-08 17:03:57', '0', '1', '0', 'http://7xixxm.com2.z0.glb.clouddn.com/95f28ea5-7e41-4461-ab7b-46488119bc51.jpg', '4', null, '1', '3', '名字不好取', '0', '0', '0', '1');
INSERT INTO `t_joke` VALUES ('116', null, 'http://7xjehg.com1.z0.glb.clouddn.com/0281c88f-dbd8-45f0-9322-6b790736709f.jpg?watermark/1/image/aHR0cDovLzd4amVoZy5jb20xLnowLmdsYi5jbG91ZGRuLmNvbS93YXRlcm1hcmsucG5n/dissolve/50/gravity/SouthEast', null, '2015-08-08 17:05:59', '0', '1', '0', 'http://7xjehg.com1.z0.glb.clouddn.com/ae6fe999-ad6c-4881-ae03-9353cc30adfb.jpg', '4', '奔驰新标，耶稣也中标了', '2', '24', '小美妞', '0', '366', '550', '1');
INSERT INTO `t_joke` VALUES ('117', null, 'http://7xjehg.com1.z0.glb.clouddn.com/89ccecf9-89f0-4c6b-b3dd-e870936251f8.jpg?watermark/1/image/aHR0cDovLzd4amVoZy5jb20xLnowLmdsYi5jbG91ZGRuLmNvbS93YXRlcm1hcmsucG5n/dissolve/50/gravity/SouthEast', null, '2015-08-08 17:06:58', '0', '1', '0', 'http://7xjehg.com1.z0.glb.clouddn.com/1bd93944-6c33-470f-82ca-6e2ec5641ffa.jpg', '4', '', '3', '21', '你大爷', '0', '869', '580', '1');
INSERT INTO `t_joke` VALUES ('118', null, 'http://7xjehg.com1.z0.glb.clouddn.com/4d9eca58-c854-4ddc-9d11-0f89f81dcc27.jpg?watermark/1/image/aHR0cDovLzd4amVoZy5jb20xLnowLmdsYi5jbG91ZGRuLmNvbS93YXRlcm1hcmsucG5n/dissolve/50/gravity/SouthEast', null, '2015-08-08 17:08:09', '0', '1', '0', 'http://7xixxm.com2.z0.glb.clouddn.com/cc44325c-701b-4e97-8b93-c9187c75218e.jpg', '1', '不用试图去从别人口中了解一个人，因为每个人对每个人都不一样。', '3', '1', '残剑', '0', '918', '468', '0');
INSERT INTO `t_joke` VALUES ('119', null, 'http://7xjehg.com1.z0.glb.clouddn.com/8b93bdb5-1782-4219-8674-d18e0d2d65cf.jpg?watermark/1/image/aHR0cDovLzd4amVoZy5jb20xLnowLmdsYi5jbG91ZGRuLmNvbS93YXRlcm1hcmsucG5n/dissolve/50/gravity/SouthEast', null, '2015-08-08 17:10:06', '0', '1', '0', 'http://7xixxm.com2.z0.glb.clouddn.com/2f59c83b-1877-412a-ba17-8ec46caaad02.jpg', '4', '', '3', '12', 'sunny', '0', '960', '640', '1');
INSERT INTO `t_joke` VALUES ('120', null, null, '电视里正在讲小孩遇到危险该怎样处理，我想考考两岁的儿子，于是装做昏倒，看他怎么办？ 儿子喊着：爸爸，爸爸，你怎么了？ 并用手掰了掰我的眼，说：爸爸你真的死了吗？ 然后等了好一会，我都没听见动静。透过眯缝的眼，我看到儿子再数我包里的钱。', '2015-08-08 17:10:56', '0', '1', '0', 'http://7xixxm.com2.z0.glb.clouddn.com/aca00f27-287e-49bf-b38a-fda66178c18a.jpg', '4', null, '1', '2', '飞雪', '0', '0', '0', '1');
INSERT INTO `t_joke` VALUES ('121', null, 'http://7xjehg.com1.z0.glb.clouddn.com/81cfd439-732e-4426-ae3b-4e9c9cde0228.jpg?watermark/1/image/aHR0cDovLzd4amVoZy5jb20xLnowLmdsYi5jbG91ZGRuLmNvbS93YXRlcm1hcmsucG5n/dissolve/50/gravity/SouthEast', null, '2015-08-08 17:25:46', '0', '1', '0', 'http://q.qlogo.cn/qqapp/1104671631/7E8327A5FD52DF0C7320B92E86D84A37/100', '4', '性感大屁股的另类用途', '2', '23', ' 飞雪', '0', '549', '440', '1');
INSERT INTO `t_joke` VALUES ('122', null, null, '朋友是做贷款服务的。去年结婚，岳父要20万元的彩礼，他一口就答应了，说分期付款吧，岳父也答应了。婚后，第一个月工资都给了岳父，然后是第二个月、第三个月……媳妇不答应了，直接回娘家闹：“你们还想要多少啊？”结果，彩礼全免。', '2015-08-08 17:30:03', '0', '1', '0', 'http://7xixxm.com2.z0.glb.clouddn.com/b7810e57-b3e5-4949-931e-d92a33741dfa.jpg', '4', null, '1', '6', '取个好听的名字', '0', '0', '0', '1');
INSERT INTO `t_joke` VALUES ('123', null, 'http://7xjehg.com1.z0.glb.clouddn.com/6c5f4628-5c37-4213-8a96-c19a88529adb.jpg?watermark/1/image/aHR0cDovLzd4amVoZy5jb20xLnowLmdsYi5jbG91ZGRuLmNvbS93YXRlcm1hcmsucG5n/dissolve/50/gravity/SouthEast', null, '2015-08-08 17:30:38', '0', '1', '0', 'http://7xixxm.com2.z0.glb.clouddn.com/2f59c83b-1877-412a-ba17-8ec46caaad02.jpg', '4', '放过自己的唯一方式只有以下九个字：该吃吃，该睡睡，爱谁谁。', '3', '12', 'sunny', '0', '660', '440', '1');
INSERT INTO `t_joke` VALUES ('124', null, 'http://7xjehg.com1.z0.glb.clouddn.com/f0eadaae-36c0-4580-83a8-225e48a0e8a1.jpg?watermark/1/image/aHR0cDovLzd4amVoZy5jb20xLnowLmdsYi5jbG91ZGRuLmNvbS93YXRlcm1hcmsucG5n/dissolve/50/gravity/SouthEast', null, '2015-08-08 17:32:24', '0', '1', '0', 'http://tp2.sinaimg.cn/2635074013/50/0/1', '1', '', '3', '8', 'n残剑', '0', '853', '640', '0');
INSERT INTO `t_joke` VALUES ('125', null, 'http://7xjehg.com1.z0.glb.clouddn.com/8f996eaf-356f-4716-801a-578ccacaece5.jpg?watermark/1/image/aHR0cDovLzd4amVoZy5jb20xLnowLmdsYi5jbG91ZGRuLmNvbS93YXRlcm1hcmsucG5n/dissolve/50/gravity/SouthEast', null, '2015-08-08 17:33:52', '0', '1', '0', 'http://7xixxm.com2.z0.glb.clouddn.com/95f28ea5-7e41-4461-ab7b-46488119bc51.jpg', '4', '', '3', '3', '名字不好取', '0', '939', '640', '1');
INSERT INTO `t_joke` VALUES ('126', null, 'http://7xjehg.com1.z0.glb.clouddn.com/8a0587b6-839f-484f-a7fb-132a0d83393e.jpg?watermark/1/image/aHR0cDovLzd4amVoZy5jb20xLnowLmdsYi5jbG91ZGRuLmNvbS93YXRlcm1hcmsucG5n/dissolve/50/gravity/SouthEast', null, '2015-08-08 17:44:20', '0', '1', '0', 'http://7xixxm.com2.z0.glb.clouddn.com/b7810e57-b3e5-4949-931e-d92a33741dfa.jpg', '1', '', '3', '6', '取个好听的名字', '0', '1030', '700', '0');
INSERT INTO `t_joke` VALUES ('127', null, 'http://h.hiphotos.baidu.com/image/pic/item/8b82b9014a90f6038cefab923d12b31bb151ed8c.jpg?watermark/1/image/aHR0cDovLzd4amVoZy5jb20xLnowLmdsYi5jbG91ZGRuLmNvbS93YXRlcm1hcmsucG5n/dissolve/50/gravity/SouthEast', null, '2015-08-08 17:54:30', '0', '1', '0', 'http://7xixxm.com2.z0.glb.clouddn.com/95f28ea5-7e41-4461-ab7b-46488119bc51.jpg', '3', '喜欢足球的顶一个', '3', '3', '名字不好取', '0', '975', '650', '0');
INSERT INTO `t_joke` VALUES ('128', null, 'http://b.hiphotos.baidu.com/image/pic/item/5fdf8db1cb13495420f1afd8534e9258d0094a9a.jpg?watermark/1/image/aHR0cDovLzd4amVoZy5jb20xLnowLmdsYi5jbG91ZGRuLmNvbS93YXRlcm1hcmsucG5n/dissolve/50/gravity/SouthEast', null, '2015-08-08 18:15:11', '0', '1', '0', 'http://7xixxm.com2.z0.glb.clouddn.com/cc44325c-701b-4e97-8b93-c9187c75218e.jpg', '1', '', '3', '1', '残剑', '0', '888', '640', '0');
INSERT INTO `t_joke` VALUES ('129', null, 'http://f.hiphotos.baidu.com/image/pic/item/f3d3572c11dfa9ec17c6e4ef67d0f703908fc15a.jpg?watermark/1/image/aHR0cDovLzd4amVoZy5jb20xLnowLmdsYi5jbG91ZGRuLmNvbS93YXRlcm1hcmsucG5n/dissolve/50/gravity/SouthEast', null, '2015-08-08 18:16:07', '0', '1', '0', 'http://7xixxm.com2.z0.glb.clouddn.com/aca00f27-287e-49bf-b38a-fda66178c18a.jpg', '2', '', '3', '2', '飞雪', '0', '1232', '850', '0');
INSERT INTO `t_joke` VALUES ('130', null, 'http://e.hiphotos.baidu.com/image/pic/item/500fd9f9d72a6059992844cd2c34349b033bba29.jpg?watermark/1/image/aHR0cDovLzd4amVoZy5jb20xLnowLmdsYi5jbG91ZGRuLmNvbS93YXRlcm1hcmsucG5n/dissolve/50/gravity/SouthEast', null, '2015-08-08 18:16:42', '0', '1', '0', 'http://7xixxm.com2.z0.glb.clouddn.com/ff0d63db-cfaa-4a2e-9953-4ab9e1d1d483.jpg', '2', '', '3', '7', '瞎扯淡', '0', '900', '600', '0');
INSERT INTO `t_joke` VALUES ('131', null, 'http://f.hiphotos.baidu.com/image/pic/item/43a7d933c895d14338e883ca77f082025baf07b8.jpg', null, '2015-08-08 18:18:59', '0', '1', '0', 'http://7xjehg.com1.z0.glb.clouddn.com/ae6fe999-ad6c-4881-ae03-9353cc30adfb.jpg', '1', '', '3', '24', '小美妞', '0', '900', '600', '0');
INSERT INTO `t_joke` VALUES ('132', null, 'http://d.hiphotos.baidu.com/image/pic/item/500fd9f9d72a605966a0dc862d34349b023bbafd.jpg', null, '2015-08-08 18:21:16', '0', '1', '0', 'http://7xixxm.com2.z0.glb.clouddn.com/cc44325c-701b-4e97-8b93-c9187c75218e.jpg', '1', '做你害怕做的事情。然后你会发现，不过如此。', '3', '1', '残剑', '0', '772', '533', '0');
INSERT INTO `t_joke` VALUES ('133', null, 'http://www.huabian.com/uploadfile/2014/0620/20140620052441928.jpg', null, '2015-08-08 18:24:13', '0', '1', '0', 'http://7xixxm.com2.z0.glb.clouddn.com/aca00f27-287e-49bf-b38a-fda66178c18a.jpg', '1', '', '3', '2', '飞雪', '0', '485', '750', '0');
INSERT INTO `t_joke` VALUES ('134', null, 'http://7xjehg.com1.z0.glb.clouddn.com/f8925f72-68e6-4ed0-8424-e6f90d306629.jpg?watermark/1/image/aHR0cDovLzd4amVoZy5jb20xLnowLmdsYi5jbG91ZGRuLmNvbS93YXRlcm1hcmsucG5n/dissolve/50/gravity/SouthEast', null, '2015-08-08 18:32:17', '0', '1', '0', 'http://7xixxm.com2.z0.glb.clouddn.com/2f59c83b-1877-412a-ba17-8ec46caaad02.jpg', '5', '一生何须太多，有情才是幸福；一生何求太多，有爱才是满足。', '3', '12', 'sunny', '0', '573', '400', '1');
INSERT INTO `t_joke` VALUES ('135', null, null, '老师:昨天我布置作业，让你们搜集种子，完成吗\r\n全班:完成了\r\n老师:小明，把你搜集的种子给大家分享一下\r\n小明: 大家把蓝牙打开。\r\n老师:滚出去！', '2015-08-08 18:33:59', '0', '1', '0', 'http://7xixxm.com2.z0.glb.clouddn.com/cc44325c-701b-4e97-8b93-c9187c75218e.jpg', '6', null, '1', '1', '残剑', '0', '0', '0', '1');
INSERT INTO `t_joke` VALUES ('136', null, null, '今天在小区里溜达，看见一哥们在小区里表白，在楼下喊到，“XXX，我爱你，你做我女朋友吧。”只见他在楼下喊了半天，楼上也没反应，我估计是女方没看上他吧，但是下一幕的场景我就惊呆了，只见那哥们打了个电话之后仰天大骂了一句“草你大爷的，跑错小区了。”', '2015-08-08 20:08:42', '0', '1', '0', 'http://7xixxm.com2.z0.glb.clouddn.com/95f28ea5-7e41-4461-ab7b-46488119bc51.jpg', '5', null, '1', '3', '名字不好取', '0', '0', '0', '1');
INSERT INTO `t_joke` VALUES ('137', null, null, '那日我们三个女生走在街上，一女生说这两天别的没干就躺在床上逛淘宝，又花了几百块。我还没反应过来，另一女生说，人家都是躺在床上挣钱，你还花钱。', '2015-08-08 20:12:20', '0', '1', '0', 'http://7xjehg.com1.z0.glb.clouddn.com/ae6fe999-ad6c-4881-ae03-9353cc30adfb.jpg', '6', null, '1', '24', '小美妞', '0', '0', '0', '1');
INSERT INTO `t_joke` VALUES ('138', null, null, 'QQ上一个大龄mm的签名变更为“前方道路施工，请绕行”深入思考后，给对方留言“怎么？你怀孕了啊？”之后对方回答“唉？你怎么知道的.....”', '2015-08-08 20:13:43', '0', '1', '0', 'http://7xixxm.com2.z0.glb.clouddn.com/ff0d63db-cfaa-4a2e-9953-4ab9e1d1d483.jpg', '6', null, '1', '7', '瞎扯淡', '0', '0', '0', '1');
INSERT INTO `t_joke` VALUES ('139', null, null, '公交上只有一个座了，我和姑娘一起冲过去。我先坐下，她刹不住车坐在了我身上。我表情痛苦的拍拍她：姑娘，你把我蛋坐碎了... 姑娘一下蹦起来：不会吧？我从身上包里摸出俩茶叶蛋：怎么不会？你看碎了吧...', '2015-08-09 13:52:57', '0', '1', '0', 'http://7xixxm.com2.z0.glb.clouddn.com/b7810e57-b3e5-4949-931e-d92a33741dfa.jpg', '1', null, '1', '6', '取个好听的名字', '0', '0', '0', '1');
INSERT INTO `t_joke` VALUES ('140', null, 'http://7xjehg.com1.z0.glb.clouddn.com/34e933af-7ec4-4d46-bc75-e2ab00ee4d9b.jpg?watermark/1/image/aHR0cDovLzd4amVoZy5jb20xLnowLmdsYi5jbG91ZGRuLmNvbS93YXRlcm1hcmsucG5n/dissolve/50/gravity/SouthEast', null, '2015-08-09 14:03:38', '0', '1', '0', 'http://7xjehg.com1.z0.glb.clouddn.com/1bd93944-6c33-470f-82ca-6e2ec5641ffa.jpg', '1', '老师你好调皮', '2', '21', '你大爷', '0', '546', '492', '1');
INSERT INTO `t_joke` VALUES ('141', null, null, '好朋友去见女友父母，未来岳母就问了：现在做什么工作啊？我朋友就说了，没什么本事，只能跟着马云做事。未来岳母惊讶到：中国首富呢！在他公 司很有前途啊，现在什么职位了？哦，职位不高，目前是快递员。', '2015-08-09 14:05:31', '0', '1', '0', 'http://7xjehg.com1.z0.glb.clouddn.com/ae6fe999-ad6c-4881-ae03-9353cc30adfb.jpg', '1', null, '1', '24', '小美妞', '0', '0', '0', '1');
INSERT INTO `t_joke` VALUES ('142', null, 'http://f.hiphotos.baidu.com/image/pic/item/0823dd54564e9258b4f2883e9882d158cdbf4e1f.jpg', null, '2015-08-09 14:07:41', '0', '1', '0', 'http://7xixxm.com2.z0.glb.clouddn.com/b7810e57-b3e5-4949-931e-d92a33741dfa.jpg', '1', '', '3', '6', '取个好听的名字', '0', '546', '457', '0');
INSERT INTO `t_joke` VALUES ('143', null, 'http://a.hiphotos.baidu.com/image/pic/item/d53f8794a4c27d1ef288a0131fd5ad6edcc438be.jpg', null, '2015-08-09 15:41:33', '0', '1', '0', 'http://7xixxm.com2.z0.glb.clouddn.com/2f59c83b-1877-412a-ba17-8ec46caaad02.jpg', '1', '你不可能适合每一个人，但对于那个值得拥有你的人来说，你才是最完美的人', '3', '12', 'sunny', '0', '900', '600', '1');
INSERT INTO `t_joke` VALUES ('144', null, 'http://a.hiphotos.baidu.com/image/pic/item/8ad4b31c8701a18b170fa7a29a2f07082938fe73.jpg', null, '2015-08-09 16:00:27', '0', '1', '0', 'http://7xjehg.com1.z0.glb.clouddn.com/1bd93944-6c33-470f-82ca-6e2ec5641ffa.jpg', '50', '', '3', '21', '你大爷', '0', '1092', '728', '0');
INSERT INTO `t_joke` VALUES ('145', null, null, '医院的树阴下，一对情人在拥抱接吻。一个医生看见了，过去对那男的说：“你真糊涂，人工呼吸，应该把她平放在地上才行，走开,让我来。”', '2015-08-09 16:02:26', '0', '1', '0', 'http://7xixxm.com2.z0.glb.clouddn.com/aca00f27-287e-49bf-b38a-fda66178c18a.jpg', '33', null, '1', '2', '飞雪', '0', '0', '0', '1');
INSERT INTO `t_joke` VALUES ('146', null, null, '今天买了本食谱学做菜，上面说要放八角，家里没有八角，于是我纠结良久，放了几枚一元硬币进去。\r\n有钱，就任性！', '2015-08-09 16:03:13', '0', '1', '0', 'http://7xixxm.com2.z0.glb.clouddn.com/2f59c83b-1877-412a-ba17-8ec46caaad02.jpg', '107', null, '1', '12', 'sunny', '0', '0', '0', '1');
INSERT INTO `t_joke` VALUES ('147', null, 'http://c.hiphotos.baidu.com/image/pic/item/7acb0a46f21fbe09e14d40a06e600c338744ad77.jpg', null, '2015-08-09 16:04:36', '0', '1', '0', 'http://7xixxm.com2.z0.glb.clouddn.com/b7810e57-b3e5-4949-931e-d92a33741dfa.jpg', '293', '', '3', '6', '取个好听的名字', '0', '1050', '700', '1');
INSERT INTO `t_joke` VALUES ('148', null, 'http://www.huabian.com/uploadfile/2014/0620/20140620052440718.jpg', null, '2015-08-09 16:09:27', '0', '1', '0', 'http://7xixxm.com2.z0.glb.clouddn.com/b7810e57-b3e5-4949-931e-d92a33741dfa.jpg', '308', '岁月很长，人海茫茫，别回头也别将就，自然会有良人来爱你。', '3', '6', '取个好听的名字', '0', '987', '658', '1');
INSERT INTO `t_joke` VALUES ('149', null, 'http://7xjehg.com1.z0.glb.clouddn.com/fad14bce-2a88-46a1-bc40-31cf140a2cc6.jpg?watermark/1/image/aHR0cDovLzd4amVoZy5jb20xLnowLmdsYi5jbG91ZGRuLmNvbS93YXRlcm1hcmsucG5n/dissolve/50/gravity/SouthEast', null, '2015-08-09 16:15:18', '0', '1', '0', 'http://7xjehg.com1.z0.glb.clouddn.com/ae6fe999-ad6c-4881-ae03-9353cc30adfb.jpg', '28', '这个蛋包饭简直太炸了', '2', '24', '小美妞', '0', '391', '370', '1');
INSERT INTO `t_joke` VALUES ('150', null, null, '男：下班我骑摩托带你去玩好吗？女：你说这些话的时候就不能加个“宝贝”嘛，一点也不解风情。男：下班我骑我的宝贝摩托带你去玩好吗？', '2015-08-09 16:18:38', '0', '1', '0', 'http://7xixxm.com2.z0.glb.clouddn.com/ff0d63db-cfaa-4a2e-9953-4ab9e1d1d483.jpg', '110', null, '1', '7', '瞎扯淡', '0', '0', '0', '1');
INSERT INTO `t_joke` VALUES ('151', null, 'http://www.cnr.cn/ent/yl2013/201312/W020131226478746099211.jpg', null, '2015-08-09 16:19:27', '0', '1', '0', null, '208', '', '3', '17', '爆料称', '0', '939', '626', '1');
INSERT INTO `t_joke` VALUES ('152', null, null, '“妈妈，我今天能留在家里吗？我觉得很不舒服。”\r\n“你觉得哪里不舒服？”\r\n“学校！”', '2015-08-09 16:21:42', '0', '1', '0', 'http://7xixxm.com2.z0.glb.clouddn.com/2f59c83b-1877-412a-ba17-8ec46caaad02.jpg', '65', null, '1', '12', 'sunny', '0', '0', '0', '1');
INSERT INTO `t_joke` VALUES ('153', null, null, '今天买水看到有包烟名字叫“妹子”，我靠，这么牛逼啊，我问老板，“妹子”多少钱一包。老板迷茫的看着我？我在仔细一看！脸丢光了！不是妹子！是骄子！', '2015-08-09 20:59:24', '0', '1', '0', 'http://7xixxm.com2.z0.glb.clouddn.com/2f59c83b-1877-412a-ba17-8ec46caaad02.jpg', '125', null, '1', '12', 'sunny', '0', '0', '0', '1');
INSERT INTO `t_joke` VALUES ('154', null, 'http://7xjehg.com1.z0.glb.clouddn.com/8dda16de-b1d1-49ff-8fbd-548d5fe56e29.jpg?watermark/1/image/aHR0cDovLzd4amVoZy5jb20xLnowLmdsYi5jbG91ZGRuLmNvbS93YXRlcm1hcmsucG5n/dissolve/50/gravity/SouthEast', null, '2015-08-09 20:59:58', '0', '1', '0', 'http://q.qlogo.cn/qqapp/1104671631/7E8327A5FD52DF0C7320B92E86D84A37/100', '15', '苹果手表我也有', '2', '23', ' 飞雪', '0', '585', '445', '1');
INSERT INTO `t_joke` VALUES ('155', null, 'http://www.huabian.com/uploadfile/2015/0605/20150605112703846.jpg', null, '2015-08-09 21:01:53', '0', '1', '0', 'http://7xixxm.com2.z0.glb.clouddn.com/aca00f27-287e-49bf-b38a-fda66178c18a.jpg', '32', '', '3', '2', '飞雪', '0', '912', '573', '0');
INSERT INTO `t_joke` VALUES ('156', null, 'http://g.hiphotos.baidu.com/image/pic/item/0823dd54564e92584764b9089882d158cdbf4e87.jpg', null, '2015-08-09 21:02:19', '0', '1', '0', 'http://7xixxm.com2.z0.glb.clouddn.com/ff0d63db-cfaa-4a2e-9953-4ab9e1d1d483.jpg', '53', '', '3', '7', '瞎扯淡', '0', '902', '600', '0');
INSERT INTO `t_joke` VALUES ('157', null, 'http://pic.4j4j.cn/upload/pic/20150327/c08a264b3d.jpg', null, '2015-08-09 21:04:15', '0', '1', '0', 'http://7xixxm.com2.z0.glb.clouddn.com/b7810e57-b3e5-4949-931e-d92a33741dfa.jpg', '247', '', '3', '6', '取个好听的名字', '0', '1200', '1920', '0');
INSERT INTO `t_joke` VALUES ('158', null, 'http://e.hiphotos.baidu.com/image/pic/item/8326cffc1e178a8205800eacf403738da977e87a.jpg', null, '2015-08-09 21:07:31', '0', '1', '0', 'http://7xixxm.com2.z0.glb.clouddn.com/ff0d63db-cfaa-4a2e-9953-4ab9e1d1d483.jpg', '212', '', '3', '7', '瞎扯淡', '0', '700', '500', '0');
INSERT INTO `t_joke` VALUES ('159', null, null, '老王带着三四个朋友回到了家，然后开始玩牌。老王媳妇问“你们都吃了么？”老王说“都吃了，我们玩牌了，你要是困了就去睡吧！” “哦…” 玩到12点多的时候，因为声音太大了，老王媳妇出来了“你们能不能不要在我的房子里那么吵…” 老王“嘘，亲爱的，这已经不是咱们的房子了………”', '2015-08-09 21:08:24', '0', '1', '0', 'http://7xixxm.com2.z0.glb.clouddn.com/2f59c83b-1877-412a-ba17-8ec46caaad02.jpg', '49', null, '1', '12', 'sunny', '0', '0', '0', '1');
INSERT INTO `t_joke` VALUES ('160', null, null, '记得在大学毕业也没多久的样子。我喜欢上单位一妹子。 以一次我借故带着她在KTV唱歌，玩得很嗨，忘情时我还喝了点酒，借点酒劲我疯狂的把妹子摁在沙发上。狠狠地亲了两口。然后问她：“你住哪儿？”妹子不反抗，可就是死活不说。没奈何，叫你不说，我又再次报复的亲了两口。人家还是不说。没办法，我TM只好心灰意冷的走了……我靠！不说拉倒！反正我也没吃亏。白赚了4口。。。', '2015-08-09 21:09:36', '0', '1', '0', 'http://7xixxm.com2.z0.glb.clouddn.com/95f28ea5-7e41-4461-ab7b-46488119bc51.jpg', '25', null, '1', '3', '名字不好取', '0', '0', '0', '1');
INSERT INTO `t_joke` VALUES ('161', null, 'http://7xjehg.com1.z0.glb.clouddn.com/521dca08-1c9d-4ac7-9718-e7c4252f5d52.jpg?watermark/1/image/aHR0cDovLzd4amVoZy5jb20xLnowLmdsYi5jbG91ZGRuLmNvbS93YXRlcm1hcmsucG5n/dissolve/50/gravity/SouthEast', null, '2015-08-09 21:19:10', '0', '1', '0', null, '33', '这大爷是练过吗？', '2', '22', '瞅你咋地', '0', '688', '500', '1');
INSERT INTO `t_joke` VALUES ('162', null, 'http://7xjehg.com1.z0.glb.clouddn.com/5e238a0f-6eac-4b3e-a2fa-53d05d46826e.jpg?watermark/1/image/aHR0cDovLzd4amVoZy5jb20xLnowLmdsYi5jbG91ZGRuLmNvbS93YXRlcm1hcmsucG5n/dissolve/50/gravity/SouthEast', null, '2015-08-09 21:19:35', '0', '1', '0', 'http://7xixxm.com2.z0.glb.clouddn.com/2f59c83b-1877-412a-ba17-8ec46caaad02.jpg', '18', '这牛奶什么牌子的啊？', '2', '12', 'sunny', '0', '584', '505', '1');
INSERT INTO `t_joke` VALUES ('163', null, 'http://pic.yesky.com/uploadImages/2013/295/56892713YGS7.jpg', null, '2015-08-09 21:28:07', '0', '1', '0', 'http://7xixxm.com2.z0.glb.clouddn.com/ff0d63db-cfaa-4a2e-9953-4ab9e1d1d483.jpg', '13', '', '3', '7', '瞎扯淡', '0', '651', '500', '0');
INSERT INTO `t_joke` VALUES ('164', null, 'http://pic.yesky.com/uploadImages/2014/240/02/6BR1H9D889KT.jpg', null, '2015-08-09 21:28:51', '0', '1', '0', 'http://7xixxm.com2.z0.glb.clouddn.com/95f28ea5-7e41-4461-ab7b-46488119bc51.jpg', '123', '', '3', '3', '名字不好取', '0', '800', '800', '0');
INSERT INTO `t_joke` VALUES ('165', null, 'http://img2.mtime.com/mg/2009/44/7f323e10-b4ab-452c-a756-3d9b195c70d1.jpg', null, '2015-08-09 21:32:18', '0', '1', '0', 'http://7xixxm.com2.z0.glb.clouddn.com/aca00f27-287e-49bf-b38a-fda66178c18a.jpg', '36', '', '3', '2', '飞雪', '0', '677', '472', '1');
INSERT INTO `t_joke` VALUES ('166', null, null, '去一家公司面试，经理问我：“为什么要离开上一家公司？”\r\n我说：“人往高处走，水往低处流。”\r\n经理说：“不错，你很有眼光。”\r\n我说：“他们说我是水货，那我就流到贵公司了。”', '2015-08-09 21:33:56', '0', '1', '0', 'http://7xixxm.com2.z0.glb.clouddn.com/95f28ea5-7e41-4461-ab7b-46488119bc51.jpg', '113', null, '1', '3', '名字不好取', '0', '0', '0', '1');
INSERT INTO `t_joke` VALUES ('167', null, null, '几年后，婚姻走到尽头。奶茶MM：“强子，离婚吧。”\r\n强子：“好的，财产分你3亿，明天到账户。”\r\n第二天奶茶妹打开京东账户显示：500优惠券剩余600000张，只能购买大型家电且不能叠加使用，有效使用期一个月。', '2015-08-11 22:14:00', '0', '1', '0', 'http://7xixxm.com2.z0.glb.clouddn.com/95f28ea5-7e41-4461-ab7b-46488119bc51.jpg', '21', null, '1', '3', '名字不好取', '0', '0', '0', '1');
INSERT INTO `t_joke` VALUES ('168', null, 'http://7xjehg.com1.z0.glb.clouddn.com/2e0993eb-360f-4556-82d8-0f796520f78b.jpg?watermark/1/image/aHR0cDovLzd4amVoZy5jb20xLnowLmdsYi5jbG91ZGRuLmNvbS93YXRlcm1hcmsucG5n/dissolve/50/gravity/SouthEast', null, '2015-08-11 22:15:02', '0', '1', '0', 'http://7xjehg.com1.z0.glb.clouddn.com/ae6fe999-ad6c-4881-ae03-9353cc30adfb.jpg', '12', '这个问题我会', '2', '24', '小美妞', '0', '422', '490', '1');
INSERT INTO `t_joke` VALUES ('169', null, 'http://7xjehg.com1.z0.glb.clouddn.com/a4ff7315-545e-4b49-b817-87f81fe9be23.jpg?watermark/1/image/aHR0cDovLzd4amVoZy5jb20xLnowLmdsYi5jbG91ZGRuLmNvbS93YXRlcm1hcmsucG5n/dissolve/50/gravity/SouthEast', null, '2015-08-11 22:16:02', '0', '1', '0', 'http://q.qlogo.cn/qqapp/1104671631/7E8327A5FD52DF0C7320B92E86D84A37/100', '214', '这个世界上有很多好人。如果你找不到，就让自己成为一个。', '3', '23', ' 飞雪', '0', '788', '618', '1');
INSERT INTO `t_joke` VALUES ('170', null, null, '齐钰：医生，我这是怎么啦？\r\n医生：农药中毒！\r\n齐钰：不可能的，我从不吃素！\r\n医生：男朋友没洗澡！', '2015-08-11 22:17:06', '0', '1', '0', 'http://7xixxm.com2.z0.glb.clouddn.com/95f28ea5-7e41-4461-ab7b-46488119bc51.jpg', '12', null, '1', '3', '名字不好取', '0', '0', '0', '1');
INSERT INTO `t_joke` VALUES ('171', null, null, '晚上照镜子，看着自己洁白如玉的身体。叹息着：多好的白菜啊，怎么就找不到猪呢？', '2015-08-11 22:17:30', '0', '1', '0', 'http://7xixxm.com2.z0.glb.clouddn.com/ff0d63db-cfaa-4a2e-9953-4ab9e1d1d483.jpg', '22', null, '1', '7', '瞎扯淡', '0', '0', '0', '1');
INSERT INTO `t_joke` VALUES ('172', null, 'http://7xjehg.com1.z0.glb.clouddn.com/a2c984ff-9a7c-478e-81a5-2b06b71c1b5a.jpg?watermark/1/image/aHR0cDovLzd4amVoZy5jb20xLnowLmdsYi5jbG91ZGRuLmNvbS93YXRlcm1hcmsucG5n/dissolve/50/gravity/SouthEast', null, '2015-08-11 22:19:56', '0', '1', '0', 'http://7xixxm.com2.z0.glb.clouddn.com/b7810e57-b3e5-4949-931e-d92a33741dfa.jpg', '562', '', '3', '6', '取个好听的名字', '0', '1024', '682', '0');
INSERT INTO `t_joke` VALUES ('173', null, 'http://7xjehg.com1.z0.glb.clouddn.com/8910f346-1497-4f51-a4b2-9b516bb147ed.jpg?watermark/1/image/aHR0cDovLzd4amVoZy5jb20xLnowLmdsYi5jbG91ZGRuLmNvbS93YXRlcm1hcmsucG5n/dissolve/50/gravity/SouthEast', null, '2015-08-11 22:21:22', '0', '1', '0', null, '213', '', '3', '22', '瞅你咋地', '0', '1005', '640', '1');
INSERT INTO `t_joke` VALUES ('174', null, 'http://7xjehg.com1.z0.glb.clouddn.com/214c3cbf-4a6e-4d6c-8283-a49d0b96b824.jpg?watermark/1/image/aHR0cDovLzd4amVoZy5jb20xLnowLmdsYi5jbG91ZGRuLmNvbS93YXRlcm1hcmsucG5n/dissolve/50/gravity/SouthEast', null, '2015-08-11 22:29:56', '0', '1', '0', null, '76', '', '3', '22', '瞅你咋地', '0', '596', '460', '0');
INSERT INTO `t_joke` VALUES ('175', null, 'http://7xjehg.com1.z0.glb.clouddn.com/e89b6c31-686e-4430-9a32-68d8b2604ac2.jpg?watermark/1/image/aHR0cDovLzd4amVoZy5jb20xLnowLmdsYi5jbG91ZGRuLmNvbS93YXRlcm1hcmsucG5n/dissolve/50/gravity/SouthEast', null, '2015-08-11 22:30:32', '0', '1', '0', 'http://7xixxm.com2.z0.glb.clouddn.com/2f59c83b-1877-412a-ba17-8ec46caaad02.jpg', '21', '', '3', '12', 'sunny', '0', '812', '600', '0');
INSERT INTO `t_joke` VALUES ('176', null, null, '我表弟小时候不爱学习，5以内的加减法都不会。\r\n于是我姨夫就很生气的亲自教他：“你左手5个手指头，咔嚓一刀剁掉3个，还有几个？”\r\n于是我表弟扑通一声就跪下抱着我姨夫的腿哭着说：“爸爸，别杀我。”\r\n话说现在初三了，成绩还挺好的哈。', '2015-08-11 22:31:35', '0', '1', '0', 'http://7xixxm.com2.z0.glb.clouddn.com/95f28ea5-7e41-4461-ab7b-46488119bc51.jpg', '45', null, '1', '3', '名字不好取', '0', '0', '0', '1');
INSERT INTO `t_joke` VALUES ('177', null, 'http://7xjehg.com1.z0.glb.clouddn.com/21a10df0-cafe-4895-adb9-a16936150798.jpg?watermark/1/image/aHR0cDovLzd4amVoZy5jb20xLnowLmdsYi5jbG91ZGRuLmNvbS93YXRlcm1hcmsucG5n/dissolve/50/gravity/SouthEast', null, '2015-08-11 22:54:17', '0', '1', '0', 'http://tp2.sinaimg.cn/2635074013/50/0/1', '23', '', '3', '8', 'n残剑', '0', '691', '460', '0');
INSERT INTO `t_joke` VALUES ('178', null, null, '老爸：“儿子，今天你妈不在家，就有我来做饭吧！”\r\n儿子：“不用啊，爸比，今天我去同学家吃给你打包回来。”\r\n老爸：“那怎么行，多不好意思。”\r\n儿子：“没事儿，我就说是打包回去给狗吃。”', '2015-08-11 22:56:41', '0', '1', '0', 'http://7xixxm.com2.z0.glb.clouddn.com/b7810e57-b3e5-4949-931e-d92a33741dfa.jpg', '21', null, '1', '6', '取个好听的名字', '0', '0', '0', '1');
INSERT INTO `t_joke` VALUES ('179', null, null, '昨天在洗脚城，叫了两个公主，没想到居然是我的初中女神。她看到我就破口大骂“还好当初和你分手了，没想到你竟然出来找小姐，你真贱”\r\n我……', '2015-08-13 20:25:57', '0', '1', '0', 'http://7xixxm.com2.z0.glb.clouddn.com/aca00f27-287e-49bf-b38a-fda66178c18a.jpg', '124', null, '1', '2', '飞雪', '0', '0', '0', '1');
INSERT INTO `t_joke` VALUES ('180', null, null, '中心广场一个穿校服的男孩向的女孩表白，女孩羞涩的接受后，他激动得和女孩热吻，这时一眼镜大叔在人群里起哄：“说出你的名字让大家一起为你见证你们的爱情！”男孩大声喊道：“我XXX永远爱XXX！”眼镜大叔突然挤到眼前：“我记住了！二中的吧，我是教导主任，你俩明天到我办公室！”', '2015-08-13 20:26:59', '0', '1', '0', 'http://7xixxm.com2.z0.glb.clouddn.com/95f28ea5-7e41-4461-ab7b-46488119bc51.jpg', '13', null, '1', '3', '名字不好取', '0', '0', '0', '1');
INSERT INTO `t_joke` VALUES ('181', null, 'http://7xjehg.com1.z0.glb.clouddn.com/340d426d-c3c5-4dff-9632-9823e4a1ac44.jpg?watermark/1/image/aHR0cDovLzd4amVoZy5jb20xLnowLmdsYi5jbG91ZGRuLmNvbS93YXRlcm1hcmsucG5n/dissolve/50/gravity/SouthEast', null, '2015-08-13 20:49:30', '0', '1', '0', 'http://q.qlogo.cn/qqapp/1104671631/7E8327A5FD52DF0C7320B92E86D84A37/100', '35', '煲个汤都这么萌', '2', '23', ' 飞雪', '0', '338', '274', '1');
INSERT INTO `t_joke` VALUES ('182', null, null, '我老婆上个星期给的20块零用钱花完啦！这个星期朋友聚会想买包体面的烟钱都没有，这时我儿子对老婆说：学校交钱，要100做资料费！ 老婆二话不说给了他一张红彤彤的毛爷爷。等老婆出门后，儿子把钱塞给我，语重心长的说：爸，这也算借你的，等我结婚后不济的时候你也得帮我啊……看着儿子的背影，是那么朝气蓬勃，我满是欣慰！', '2015-08-13 20:50:23', '0', '1', '0', 'http://7xixxm.com2.z0.glb.clouddn.com/b7810e57-b3e5-4949-931e-d92a33741dfa.jpg', '321', null, '1', '6', '取个好听的名字', '0', '0', '0', '1');
INSERT INTO `t_joke` VALUES ('183', null, 'http://7xjehg.com1.z0.glb.clouddn.com/5737b4e2-9f3f-4dd7-83c6-f78a8d2c1ff8.jpg?watermark/1/image/aHR0cDovLzd4amVoZy5jb20xLnowLmdsYi5jbG91ZGRuLmNvbS93YXRlcm1hcmsucG5n/dissolve/50/gravity/SouthEast', null, '2015-08-13 20:53:51', '0', '1', '0', 'http://7xjehg.com1.z0.glb.clouddn.com/1bd93944-6c33-470f-82ca-6e2ec5641ffa.jpg', '212', '优秀的人就像一团光芒，和他们呆久了，也就再也不想走回黑暗了。', '3', '21', '你大爷', '0', '669', '354', '0');
INSERT INTO `t_joke` VALUES ('184', null, null, '老师问同学们烟盒上写着“吸烟有害健康”你们怎么看，小明说:“就像暑假作业上面写着暑假快乐”。', '2015-08-13 20:54:12', '0', '1', '0', 'http://7xixxm.com2.z0.glb.clouddn.com/b7810e57-b3e5-4949-931e-d92a33741dfa.jpg', '198', null, '1', '6', '取个好听的名字', '0', '0', '0', '1');
INSERT INTO `t_joke` VALUES ('186', null, 'http://7xjehg.com1.z0.glb.clouddn.com/60c7b6a7-f945-421e-9a8a-8b44ca396b97.jpg?watermark/1/image/aHR0cDovLzd4amVoZy5jb20xLnowLmdsYi5jbG91ZGRuLmNvbS93YXRlcm1hcmsucG5n/dissolve/50/gravity/SouthEast', null, '2015-08-13 21:08:58', '0', '1', '0', 'http://7xixxm.com2.z0.glb.clouddn.com/2f59c83b-1877-412a-ba17-8ec46caaad02.jpg', '3527', '要么就让人单纯地爱你，要么就让人单纯的恨你。', '3', '12', 'sunny', '0', '1030', '700', '1');
INSERT INTO `t_joke` VALUES ('187', null, 'http://7xjehg.com1.z0.glb.clouddn.com/bb565fed-0d0c-4482-82df-db5bdc485400.jpg?watermark/1/image/aHR0cDovLzd4amVoZy5jb20xLnowLmdsYi5jbG91ZGRuLmNvbS93YXRlcm1hcmsucG5n/dissolve/50/gravity/SouthEast', null, '2015-08-13 21:11:13', '0', '1', '0', 'http://7xixxm.com2.z0.glb.clouddn.com/aca00f27-287e-49bf-b38a-fda66178c18a.jpg', '14', '', '3', '2', '飞雪', '0', '1100', '733', '0');
INSERT INTO `t_joke` VALUES ('188', null, 'http://7xjehg.com1.z0.glb.clouddn.com/326e65c2-e309-487b-8e9b-8d7dc9c25335.jpg?watermark/1/image/aHR0cDovLzd4amVoZy5jb20xLnowLmdsYi5jbG91ZGRuLmNvbS93YXRlcm1hcmsucG5n/dissolve/50/gravity/SouthEast', null, '2015-08-13 21:11:37', '0', '1', '0', 'http://7xixxm.com2.z0.glb.clouddn.com/ff0d63db-cfaa-4a2e-9953-4ab9e1d1d483.jpg', '43', '', '3', '7', '瞎扯淡', '0', '876', '580', '0');
INSERT INTO `t_joke` VALUES ('189', null, 'http://7xjehg.com1.z0.glb.clouddn.com/952cc40b-5728-445a-bd2b-239c99d9d8c3.jpg?watermark/1/image/aHR0cDovLzd4amVoZy5jb20xLnowLmdsYi5jbG91ZGRuLmNvbS93YXRlcm1hcmsucG5n/dissolve/50/gravity/SouthEast', null, '2015-08-13 21:18:10', '0', '1', '0', 'http://7xixxm.com2.z0.glb.clouddn.com/aca00f27-287e-49bf-b38a-fda66178c18a.jpg', '67', '', '3', '2', '飞雪', '0', '1010', '460', '0');
INSERT INTO `t_joke` VALUES ('190', null, 'http://7xjehg.com1.z0.glb.clouddn.com/25a27a9c-0547-4fba-888d-149b2ca84e81.jpg?watermark/1/image/aHR0cDovLzd4amVoZy5jb20xLnowLmdsYi5jbG91ZGRuLmNvbS93YXRlcm1hcmsucG5n/dissolve/50/gravity/SouthEast', null, '2015-08-13 21:18:44', '0', '1', '0', 'http://7xixxm.com2.z0.glb.clouddn.com/ff0d63db-cfaa-4a2e-9953-4ab9e1d1d483.jpg', '154', '', '3', '7', '瞎扯淡', '0', '613', '460', '0');
INSERT INTO `t_joke` VALUES ('191', null, null, '昨天爸妈晚上11点出去吃龙虾没叫我去……\r\n我知道后就在人人发了个状态：爸妈出去吃龙虾不叫我，我一定是充话费送的。\r\ngc来了，今天早上一看评论，\r\n一妹纸说：你爸妈充话费居然没选花生油，而是选你，这是个奇迹！', '2015-08-13 21:19:16', '0', '1', '0', 'http://7xixxm.com2.z0.glb.clouddn.com/95f28ea5-7e41-4461-ab7b-46488119bc51.jpg', '21', null, '1', '3', '名字不好取', '0', '0', '0', '1');
INSERT INTO `t_joke` VALUES ('192', null, 'http://7xjehg.com1.z0.glb.clouddn.com/6257eb6b-a9d3-47cd-bd9f-d43e642e8846.jpg?watermark/1/image/aHR0cDovLzd4amVoZy5jb20xLnowLmdsYi5jbG91ZGRuLmNvbS93YXRlcm1hcmsucG5n/dissolve/50/gravity/SouthEast', null, '2015-08-13 21:23:33', '0', '1', '0', null, '154', '世界辣么大 一只鸡的旅行', '2', '22', '瞅你咋地', '0', '667', '500', '1');
INSERT INTO `t_joke` VALUES ('193', null, 'http://img.18183.duoku.com/uploads/allimg/150513/41-150513105052.jpg', null, '2015-08-13 21:26:25', '0', '1', '0', 'http://7xixxm.com2.z0.glb.clouddn.com/aca00f27-287e-49bf-b38a-fda66178c18a.jpg', '21', '', '3', '2', '飞雪', '0', '800', '547', '0');
INSERT INTO `t_joke` VALUES ('194', null, 'http://img.18183.duoku.com/uploads/allimg/150630/41-150630162005.jpg', null, '2015-08-13 21:28:07', '0', '1', '0', 'http://7xixxm.com2.z0.glb.clouddn.com/b7810e57-b3e5-4949-931e-d92a33741dfa.jpg', '244', '', '3', '6', '取个好听的名字', '0', '800', '562', '0');
INSERT INTO `t_joke` VALUES ('195', null, 'http://img.18183.duoku.com/uploads/allimg/150805/41-150P5152141.jpg', null, '2015-08-13 21:29:07', '0', '1', '0', 'http://7xixxm.com2.z0.glb.clouddn.com/b7810e57-b3e5-4949-931e-d92a33741dfa.jpg', '22', '', '3', '6', '取个好听的名字', '0', '800', '533', '0');
INSERT INTO `t_joke` VALUES ('196', null, 'http://7xjehg.com1.z0.glb.clouddn.com/346dde68-ba4c-4d83-ae9a-8887db69c11f.jpg?watermark/1/image/aHR0cDovLzd4amVoZy5jb20xLnowLmdsYi5jbG91ZGRuLmNvbS93YXRlcm1hcmsucG5n/dissolve/50/gravity/SouthEast', null, '2015-08-13 21:31:53', '0', '1', '0', 'http://7xixxm.com2.z0.glb.clouddn.com/cc44325c-701b-4e97-8b93-c9187c75218e.jpg', '22', '世界地图', '2', '1', '残剑', '0', '531', '570', '1');
INSERT INTO `t_joke` VALUES ('197', null, null, '我去早市买菜，买了很多，都快拎不动了，\r\n这时就听一男人喊：“美女，拎不动了吧？”\r\n扭头一看，猪肉摊上一帅哥正看着我，我暗喜，难道帅哥看我长得漂亮要帮忙？\r\n只听帅哥说：“美女买点猪肉吧，吃了猪肉就有力气了，有力气以后就能拎动了……”', '2015-08-15 13:02:46', '0', '1', '0', 'http://7xixxm.com2.z0.glb.clouddn.com/95f28ea5-7e41-4461-ab7b-46488119bc51.jpg', '34', null, '1', '3', '名字不好取', '0', '0', '0', '1');
INSERT INTO `t_joke` VALUES ('198', null, 'http://7xjehg.com1.z0.glb.clouddn.com/381e2730-37d9-45af-8545-74bb73baedd4.jpg?watermark/1/image/aHR0cDovLzd4amVoZy5jb20xLnowLmdsYi5jbG91ZGRuLmNvbS93YXRlcm1hcmsucG5n/dissolve/50/gravity/SouthEast', null, '2015-08-15 13:03:24', '0', '1', '0', null, '12', '这是在骗我们吗？', '2', '22', '瞅你咋地', '0', '411', '348', '1');
INSERT INTO `t_joke` VALUES ('199', null, null, '第一次辞职时，给的辞职信写：\r\n如果一个工作，占据了我所有寻找妹纸的时间，又不能提供给我把妹的资金，我还做它干什么！', '2015-08-15 13:03:52', '0', '1', '0', 'http://7xixxm.com2.z0.glb.clouddn.com/95f28ea5-7e41-4461-ab7b-46488119bc51.jpg', '67', null, '1', '3', '名字不好取', '0', '0', '0', '1');
INSERT INTO `t_joke` VALUES ('200', null, null, '与老同学见面，他炫耀自己好几套房子，为了压制他的嚣张气焰，我必须得炫点什么了，\r\n我带他走到一栋豪华别墅前，掏出钥匙打开了门，对他说：我的开锁技很炫吧！', '2015-08-15 13:04:54', '0', '1', '0', 'http://7xixxm.com2.z0.glb.clouddn.com/2f59c83b-1877-412a-ba17-8ec46caaad02.jpg', '13', null, '1', '12', 'sunny', '0', '0', '0', '1');
INSERT INTO `t_joke` VALUES ('201', null, 'http://7xjehg.com1.z0.glb.clouddn.com/8cbddd0d-22f2-485b-9343-bd263c245a97.jpg?watermark/1/image/aHR0cDovLzd4amVoZy5jb20xLnowLmdsYi5jbG91ZGRuLmNvbS93YXRlcm1hcmsucG5n/dissolve/50/gravity/SouthEast', null, '2015-08-15 13:05:28', '0', '1', '0', 'http://7xjehg.com1.z0.glb.clouddn.com/ae6fe999-ad6c-4881-ae03-9353cc30adfb.jpg', '255', '我们像是表面上的针，不停的转动，一面转，一面看着时间匆匆离去，却无能为力。', '3', '24', '小美妞', '0', '587', '880', '1');
INSERT INTO `t_joke` VALUES ('202', null, 'http://7xjehg.com1.z0.glb.clouddn.com/b577fb6a-87df-4b3f-b007-02ecd926313c.jpg?watermark/1/image/aHR0cDovLzd4amVoZy5jb20xLnowLmdsYi5jbG91ZGRuLmNvbS93YXRlcm1hcmsucG5n/dissolve/50/gravity/SouthEast', null, '2015-08-15 13:05:56', '0', '1', '0', 'http://7xixxm.com2.z0.glb.clouddn.com/cc44325c-701b-4e97-8b93-c9187c75218e.jpg', '334', '', '3', '1', '残剑', '0', '633', '950', '0');
INSERT INTO `t_joke` VALUES ('203', null, 'http://7xjehg.com1.z0.glb.clouddn.com/baae3ea8-d870-45e8-a49d-a95181f98b22.jpg?watermark/1/image/aHR0cDovLzd4amVoZy5jb20xLnowLmdsYi5jbG91ZGRuLmNvbS93YXRlcm1hcmsucG5n/dissolve/50/gravity/SouthEast', null, '2015-08-15 13:13:12', '0', '1', '0', 'http://7xjehg.com1.z0.glb.clouddn.com/1bd93944-6c33-470f-82ca-6e2ec5641ffa.jpg', '442', '', '3', '21', '你大爷', '0', '446', '714', '0');
INSERT INTO `t_joke` VALUES ('204', null, null, '为了和女友求婚，假装学了相术，骗她看手相，然后含情脉脉的跟她说：看你的掌纹，你未来的老公是个绝世好男人，又帅气又有钱，嫁给他可以享一辈子清福。\r\n女友啪的一下，怒脸相向：想TM分手就明说。。。', '2015-08-15 13:14:12', '0', '1', '0', 'http://7xixxm.com2.z0.glb.clouddn.com/95f28ea5-7e41-4461-ab7b-46488119bc51.jpg', '211', null, '1', '3', '名字不好取', '0', '0', '0', '1');
INSERT INTO `t_joke` VALUES ('205', null, null, '今天上街一小屁孩过来：“大哥哥，借我点钱花花。”\r\n“小兔崽子，一边玩去！”\r\n“好哇！你给我等着！！”\r\n一把掀起前面女的长裙！“二叔，这位阿姨的内裤是黑色的！！”\r\n这位小姐你听我解释…', '2015-08-15 13:14:59', '0', '1', '0', 'http://7xixxm.com2.z0.glb.clouddn.com/95f28ea5-7e41-4461-ab7b-46488119bc51.jpg', '94', null, '1', '3', '名字不好取', '0', '0', '0', '1');
INSERT INTO `t_joke` VALUES ('206', null, 'http://7xjehg.com1.z0.glb.clouddn.com/ce7252d5-1386-456c-a872-ae6229df0c82.jpg?watermark/1/image/aHR0cDovLzd4amVoZy5jb20xLnowLmdsYi5jbG91ZGRuLmNvbS93YXRlcm1hcmsucG5n/dissolve/50/gravity/SouthEast', null, '2015-08-15 13:16:03', '0', '1', '0', 'http://7xjehg.com1.z0.glb.clouddn.com/ae6fe999-ad6c-4881-ae03-9353cc30adfb.jpg', '21', '图片仅供参考，请以实物为准', '2', '24', '小美妞', '0', '531', '527', '1');
INSERT INTO `t_joke` VALUES ('207', null, 'http://7xjehg.com1.z0.glb.clouddn.com/b3ea05b5-41eb-405f-9c62-79b4a114be1b.jpg?watermark/1/image/aHR0cDovLzd4amVoZy5jb20xLnowLmdsYi5jbG91ZGRuLmNvbS93YXRlcm1hcmsucG5n/dissolve/50/gravity/SouthEast', null, '2015-08-15 13:16:38', '0', '1', '0', null, '113', '这是什么情况？', '2', '13', '做啥子', '0', '401', '463', '1');
INSERT INTO `t_joke` VALUES ('208', null, 'http://7xjehg.com1.z0.glb.clouddn.com/3c6e144b-a3c8-4c05-8685-eaaf3e7e7eca.jpg?watermark/1/image/aHR0cDovLzd4amVoZy5jb20xLnowLmdsYi5jbG91ZGRuLmNvbS93YXRlcm1hcmsucG5n/dissolve/50/gravity/SouthEast', null, '2015-08-15 13:17:13', '0', '1', '0', 'http://7xixxm.com2.z0.glb.clouddn.com/2f59c83b-1877-412a-ba17-8ec46caaad02.jpg', '42', '', '3', '12', 'sunny', '0', '660', '440', '1');
INSERT INTO `t_joke` VALUES ('209', null, null, '今天走在马路上，迎面走来一个帅哥，我当时好激动啊，后来。。。后来他把我的包包抢走了，\r\n回家之后我郁闷了一晚上，我他妈到底哪里不如我的包！', '2015-08-15 13:18:08', '0', '1', '0', 'http://7xixxm.com2.z0.glb.clouddn.com/ff0d63db-cfaa-4a2e-9953-4ab9e1d1d483.jpg', '213', null, '1', '7', '瞎扯淡', '0', '0', '0', '1');
INSERT INTO `t_joke` VALUES ('210', null, null, '同事：“你们看过最劲爆的电视剧电影是什么？”\r\n各种史泰龙，生化危机……\r\n一二货来了句“新白娘子传奇”！\r\n问其这有何劲爆？\r\n答曰：“女同、人兽、惊悚、恐怖、苦情外加一点西湖偶遇的小清新！”', '2015-08-15 13:18:24', '0', '1', '0', 'http://7xixxm.com2.z0.glb.clouddn.com/cc44325c-701b-4e97-8b93-c9187c75218e.jpg', '213', null, '1', '1', '残剑', '0', '0', '0', '1');
INSERT INTO `t_joke` VALUES ('211', null, null, '宿舍里一舍友很正经，经常批判我们几个看岛国动作片，说我们身为21世纪的大学生居然这么堕落，替我们感到惭愧啊，我们几个被说得有点不好意思。\r\n谁知晚上的时候那个哥们说了一句梦话：“啊…雅咩蝶，用力…”然后我们石化了…', '2015-08-15 13:18:50', '0', '1', '0', 'http://7xixxm.com2.z0.glb.clouddn.com/95f28ea5-7e41-4461-ab7b-46488119bc51.jpg', '15', null, '1', '3', '名字不好取', '0', '0', '0', '1');
INSERT INTO `t_joke` VALUES ('212', null, 'http://7xjehg.com1.z0.glb.clouddn.com/8faa5c7c-38d9-472e-9698-9e2262b6e5e7.jpg?watermark/1/image/aHR0cDovLzd4amVoZy5jb20xLnowLmdsYi5jbG91ZGRuLmNvbS93YXRlcm1hcmsucG5n/dissolve/50/gravity/SouthEast', null, '2015-08-15 13:28:16', '0', '1', '0', 'http://7xixxm.com2.z0.glb.clouddn.com/cc44325c-701b-4e97-8b93-c9187c75218e.jpg', '391', '如果难过，就努力抬头望天空吧，望着望着就忘了……它那么大，一定可以包容你的所有委屈。', '3', '1', '残剑', '0', '660', '440', '1');
INSERT INTO `t_joke` VALUES ('213', null, 'http://7xjehg.com1.z0.glb.clouddn.com/05bb58c2-2d66-460a-b302-17685113ca96.jpg?watermark/1/image/aHR0cDovLzd4amVoZy5jb20xLnowLmdsYi5jbG91ZGRuLmNvbS93YXRlcm1hcmsucG5n/dissolve/50/gravity/SouthEast', null, '2015-08-15 13:51:02', '0', '1', '0', null, '72', '', '3', '17', '爆料称', '0', '783', '440', '0');
INSERT INTO `t_joke` VALUES ('214', null, null, '“你会离开我吗？”\r\n“会啊。”\r\n“什么时候？”\r\n“你离开这个世界以后。”\r\n“滚，凭啥我先死！”女友反手一耳光。。。', '2015-08-15 13:51:30', '0', '1', '0', 'http://7xixxm.com2.z0.glb.clouddn.com/b7810e57-b3e5-4949-931e-d92a33741dfa.jpg', '14', null, '1', '6', '取个好听的名字', '0', '0', '0', '1');
INSERT INTO `t_joke` VALUES ('215', null, 'http://7xjehg.com1.z0.glb.clouddn.com/3d1dea11-aa68-47d7-9de0-ec101003441f.jpeg?watermark/1/image/aHR0cDovLzd4amVoZy5jb20xLnowLmdsYi5jbG91ZGRuLmNvbS93YXRlcm1hcmsucG5n/dissolve/50/gravity/SouthEast', null, '2015-08-15 14:05:55', '0', '1', '0', null, '413', '要理想不要幻想，要激情不要矫情。凡事知足常乐。', '3', '22', '瞅你咋地', '0', '640', '640', '1');
INSERT INTO `t_joke` VALUES ('216', null, 'http://7xjehg.com1.z0.glb.clouddn.com/7f5b317d-c289-402c-8865-1517fcddf969.jpg?watermark/1/image/aHR0cDovLzd4amVoZy5jb20xLnowLmdsYi5jbG91ZGRuLmNvbS93YXRlcm1hcmsucG5n/dissolve/50/gravity/SouthEast', null, '2015-08-15 14:26:36', '0', '1', '0', 'http://7xixxm.com2.z0.glb.clouddn.com/2f59c83b-1877-412a-ba17-8ec46caaad02.jpg', '247', '很多时候，心里明明不是那样想的，却控制不了自己而说出相反的话。', '3', '12', 'sunny', '0', '1030', '700', '1');
INSERT INTO `t_joke` VALUES ('217', null, null, '去年楼主去考驾照，考官都会随机抽，比如变换车道，换档。\r\n我去年买了个考官的表，楼主精神极度紧张，考官随口说了声：五减三…\r\n我想也没想说：等于2。\r\n结果，结果，就靠边停车了…', '2015-08-15 14:27:18', '0', '1', '0', 'http://7xixxm.com2.z0.glb.clouddn.com/ff0d63db-cfaa-4a2e-9953-4ab9e1d1d483.jpg', '125', null, '1', '7', '瞎扯淡', '0', '0', '0', '1');
INSERT INTO `t_joke` VALUES ('218', null, 'http://7xjehg.com1.z0.glb.clouddn.com/ec3ec1e9-f348-414d-b94b-fc73935c813c.jpg?watermark/1/image/aHR0cDovLzd4amVoZy5jb20xLnowLmdsYi5jbG91ZGRuLmNvbS93YXRlcm1hcmsucG5n/dissolve/50/gravity/SouthEast', null, '2015-08-16 18:56:33', '0', '1', '0', 'http://7xjehg.com1.z0.glb.clouddn.com/1bd93944-6c33-470f-82ca-6e2ec5641ffa.jpg', '31', '店里自从来了这个妹子，生意火爆', '2', '21', '你大爷', '0', '477', '499', '1');
INSERT INTO `t_joke` VALUES ('219', null, null, '去吃KFC，隔壁桌的母亲拿着报纸愤怒的道：“人家陈若琳才20岁，已经是两届奥运冠军，拿了四块金牌。你也20岁，你还在考试挂科，还挂了不只一科，放假还要补课，补课你还要逃课！”\r\n姑娘越听越缩，母亲接着说：“你说说，你有什么比别人强的地方？”\r\n她弱弱的答：“我一个人可以吃两个全家桶。。。”', '2015-08-16 18:57:12', '0', '1', '0', 'http://7xixxm.com2.z0.glb.clouddn.com/2f59c83b-1877-412a-ba17-8ec46caaad02.jpg', '59', null, '1', '12', 'sunny', '0', '0', '0', '1');
INSERT INTO `t_joke` VALUES ('220', null, null, '刚才在楼下无聊，玩遥控飞机，邻居家小屁孩也要玩。\r\n我就逗他说：给你玩了，我玩什么啊？\r\n这小屁孩盯着我看了一会，就跑了……\r\n过了没多久领着他姐过来跟我说：诺，我姐给你玩！\r\n天雷滚滚，把我跟他姐雷的外焦里嫩啊！', '2015-08-16 18:58:10', '0', '1', '0', 'http://7xixxm.com2.z0.glb.clouddn.com/ff0d63db-cfaa-4a2e-9953-4ab9e1d1d483.jpg', '40', null, '1', '7', '瞎扯淡', '0', '0', '0', '1');
INSERT INTO `t_joke` VALUES ('221', null, 'http://7xjehg.com1.z0.glb.clouddn.com/ed7a27ea-fbea-4d13-8392-232bb8198f51.jpg?watermark/1/image/aHR0cDovLzd4amVoZy5jb20xLnowLmdsYi5jbG91ZGRuLmNvbS93YXRlcm1hcmsucG5n/dissolve/50/gravity/SouthEast', null, '2015-08-16 19:00:26', '0', '1', '0', 'http://7xjehg.com1.z0.glb.clouddn.com/1bd93944-6c33-470f-82ca-6e2ec5641ffa.jpg', '135', '我的眼泪留了下来，灌溉了下面柔软的小草，不知道来年，会不会开出一地的记忆和忧愁。', '3', '21', '你大爷', '0', '960', '640', '0');
INSERT INTO `t_joke` VALUES ('222', null, null, '我俩同事，90后帅哥，昨晚我们一起吃烧烤，旁边桌来了一对恋人，女的穿着特别暴露，尤其是一条牛仔短裤，跟三角裤似的，一坐下连屁股缝都全看见了。\r\n我多嘴说了句：这女孩婆婆肯定不喜欢这样的！\r\n我那可爱的同事接着说了句：她婆婆不喜欢无所谓呀，她公公喜欢就好了！哈哈。。。', '2015-08-16 19:27:49', '0', '1', '0', 'http://7xixxm.com2.z0.glb.clouddn.com/2f59c83b-1877-412a-ba17-8ec46caaad02.jpg', '31', null, '1', '12', 'sunny', '0', '0', '0', '1');
INSERT INTO `t_joke` VALUES ('223', null, 'http://7xjehg.com1.z0.glb.clouddn.com/90f55659-99b2-4296-a49c-4f3643c99fcf.jpg?watermark/1/image/aHR0cDovLzd4amVoZy5jb20xLnowLmdsYi5jbG91ZGRuLmNvbS93YXRlcm1hcmsucG5n/dissolve/50/gravity/SouthEast', null, '2015-08-16 19:28:33', '0', '1', '0', 'http://7xjehg.com1.z0.glb.clouddn.com/1bd93944-6c33-470f-82ca-6e2ec5641ffa.jpg', '217', '我的眼泪留了下来，灌溉了下面柔软的小草，不知道来年，会不会开出一地的记忆和忧愁。', '3', '21', '你大爷', '0', '825', '550', '1');
INSERT INTO `t_joke` VALUES ('224', null, 'http://7xjehg.com1.z0.glb.clouddn.com/048c6de3-447b-4d6a-8703-b1bb5ec1ffd3.jpg?watermark/1/image/aHR0cDovLzd4amVoZy5jb20xLnowLmdsYi5jbG91ZGRuLmNvbS93YXRlcm1hcmsucG5n/dissolve/50/gravity/SouthEast', null, '2015-08-16 19:29:06', '0', '1', '0', 'http://tp2.sinaimg.cn/2635074013/50/0/1', '192', '', '3', '8', 'n残剑', '0', '1094', '728', '0');
INSERT INTO `t_joke` VALUES ('225', null, 'http://7xjehg.com1.z0.glb.clouddn.com/5e19dc0d-6391-4857-895e-026cf6b12a69.jpg?watermark/1/image/aHR0cDovLzd4amVoZy5jb20xLnowLmdsYi5jbG91ZGRuLmNvbS93YXRlcm1hcmsucG5n/dissolve/50/gravity/SouthEast', null, '2015-08-16 19:29:50', '0', '1', '0', null, '92', '', '3', '22', '瞅你咋地', '0', '480', '720', '0');
INSERT INTO `t_joke` VALUES ('226', null, 'http://7xjehg.com1.z0.glb.clouddn.com/76bc902e-b342-4a37-bb0e-6afa2e525083.jpg?watermark/1/image/aHR0cDovLzd4amVoZy5jb20xLnowLmdsYi5jbG91ZGRuLmNvbS93YXRlcm1hcmsucG5n/dissolve/50/gravity/SouthEast', null, '2015-08-16 19:31:07', '0', '1', '0', 'http://7xixxm.com2.z0.glb.clouddn.com/2f59c83b-1877-412a-ba17-8ec46caaad02.jpg', '322', '旗袍美女', '3', '12', 'sunny', '0', '911', '610', '1');
INSERT INTO `t_joke` VALUES ('227', null, 'http://7xjehg.com1.z0.glb.clouddn.com/e8a99789-e824-47dd-96a0-91dd64d724b5.jpg?watermark/1/image/aHR0cDovLzd4amVoZy5jb20xLnowLmdsYi5jbG91ZGRuLmNvbS93YXRlcm1hcmsucG5n/dissolve/50/gravity/SouthEast', null, '2015-08-16 19:31:27', '0', '1', '0', 'http://7xixxm.com2.z0.glb.clouddn.com/95f28ea5-7e41-4461-ab7b-46488119bc51.jpg', '62', '', '3', '3', '名字不好取', '0', '1200', '750', '0');
INSERT INTO `t_joke` VALUES ('228', null, 'http://7xjehg.com1.z0.glb.clouddn.com/4f5498e4-dd58-4110-9b00-879e8ee3e28c.jpg?watermark/1/image/aHR0cDovLzd4amVoZy5jb20xLnowLmdsYi5jbG91ZGRuLmNvbS93YXRlcm1hcmsucG5n/dissolve/50/gravity/SouthEast', null, '2015-08-16 19:33:47', '0', '1', '0', 'http://7xjehg.com1.z0.glb.clouddn.com/1bd93944-6c33-470f-82ca-6e2ec5641ffa.jpg', '624', '牵着我的手，闭着眼睛走你也不会迷路。', '3', '21', '你大爷', '0', '1165', '800', '1');
INSERT INTO `t_joke` VALUES ('229', null, null, '老师讲圣经，讲到大洪水把地球上生物全淹死了。\r\n小明问老师：你确定？\r\n老师说：确定。\r\n小明：那鱼呢？\r\n老师：你出去！', '2015-08-17 21:55:58', '0', '1', '0', 'http://7xixxm.com2.z0.glb.clouddn.com/ff0d63db-cfaa-4a2e-9953-4ab9e1d1d483.jpg', '43', null, '1', '7', '瞎扯淡', '0', '0', '0', '1');
INSERT INTO `t_joke` VALUES ('230', null, null, '俩二货坐在门口聊天。甲：听说肯德基出事啊，tm竟然用过期的鸡肉。\r\n乙：扯淡，这恰好证明人家是良心企业啊甲：怎么说？\r\n乙：人家的垃圾食品是真的用垃圾做的，没欺骗你吧。', '2015-08-17 21:56:23', '0', '1', '0', 'http://7xixxm.com2.z0.glb.clouddn.com/2f59c83b-1877-412a-ba17-8ec46caaad02.jpg', '52', null, '1', '12', 'sunny', '0', '0', '0', '1');
INSERT INTO `t_joke` VALUES ('231', null, null, '在酒吧上厕所，厕所标语是：小便不冲，老婆不忠。\r\n后面有人有记号笔写了一句：大便不充呢？\r\n我这暴脾气，跑出去买了个记号笔附了四个字：菊花变松。', '2015-08-17 21:56:46', '0', '1', '0', 'http://7xjehg.com1.z0.glb.clouddn.com/1bd93944-6c33-470f-82ca-6e2ec5641ffa.jpg', '144', null, '1', '21', '你大爷', '0', '0', '0', '1');
INSERT INTO `t_joke` VALUES ('232', null, 'http://7xjehg.com1.z0.glb.clouddn.com/cfe41afc-5104-409f-85f4-131923505916.jpg?watermark/1/image/aHR0cDovLzd4amVoZy5jb20xLnowLmdsYi5jbG91ZGRuLmNvbS93YXRlcm1hcmsucG5n/dissolve/50/gravity/SouthEast', null, '2015-08-17 22:00:20', '0', '1', '0', 'http://7xixxm.com2.z0.glb.clouddn.com/2f59c83b-1877-412a-ba17-8ec46caaad02.jpg', '246', '真正的失败不是你没有做成事，而是你甘心于失败。', '3', '12', 'sunny', '0', '750', '500', '1');
INSERT INTO `t_joke` VALUES ('233', null, 'http://7xjehg.com1.z0.glb.clouddn.com/3db4373d-db4a-44fd-b2b2-9a52c68c8ee1.jpg?watermark/1/image/aHR0cDovLzd4amVoZy5jb20xLnowLmdsYi5jbG91ZGRuLmNvbS93YXRlcm1hcmsucG5n/dissolve/50/gravity/SouthEast', null, '2015-08-17 22:01:03', '0', '1', '0', 'http://7xjehg.com1.z0.glb.clouddn.com/1bd93944-6c33-470f-82ca-6e2ec5641ffa.jpg', '87', '', '3', '21', '你大爷', '0', '800', '533', '0');
INSERT INTO `t_joke` VALUES ('234', null, 'http://7xjehg.com1.z0.glb.clouddn.com/4269d238-54f4-4493-824a-fec491ac1be0.jpg?watermark/1/image/aHR0cDovLzd4amVoZy5jb20xLnowLmdsYi5jbG91ZGRuLmNvbS93YXRlcm1hcmsucG5n/dissolve/50/gravity/SouthEast', null, '2015-08-17 22:02:41', '0', '1', '0', 'http://7xixxm.com2.z0.glb.clouddn.com/2f59c83b-1877-412a-ba17-8ec46caaad02.jpg', '109', '看来操你大爷已经不是随便说说了，终于有人落到实处了。', '2', '12', 'sunny', '0', '1230', '720', '1');
INSERT INTO `t_joke` VALUES ('235', null, null, '今天去医院，尿检，前面一人突然昏倒，看看他的病历，是低血糖。突然一个妹纸出现了，给他喝了一个东东，然后那个人醒了。\r\n我们都好奇妹纸手里到底是何方药物，这么牛X，她说：这是我的尿，我糖尿病。瞬间，全部笑喷。', '2015-08-17 22:03:04', '0', '1', '0', 'http://7xixxm.com2.z0.glb.clouddn.com/ff0d63db-cfaa-4a2e-9953-4ab9e1d1d483.jpg', '36', null, '1', '7', '瞎扯淡', '0', '0', '0', '1');
INSERT INTO `t_joke` VALUES ('236', null, 'http://7xjehg.com1.z0.glb.clouddn.com/ebcea99c-f532-41d5-a443-28297339549b.jpg?watermark/1/image/aHR0cDovLzd4amVoZy5jb20xLnowLmdsYi5jbG91ZGRuLmNvbS93YXRlcm1hcmsucG5n/dissolve/50/gravity/SouthEast', null, '2015-08-17 22:05:19', '0', '1', '0', 'http://tp2.sinaimg.cn/2635074013/50/0/1', '79', '', '3', '8', 'n残剑', '0', '680', '510', '0');
INSERT INTO `t_joke` VALUES ('237', null, 'http://7xjehg.com1.z0.glb.clouddn.com/dd125f82-2314-46e0-b570-8e4ba6ca7b49.jpg?watermark/1/image/aHR0cDovLzd4amVoZy5jb20xLnowLmdsYi5jbG91ZGRuLmNvbS93YXRlcm1hcmsucG5n/dissolve/50/gravity/SouthEast', null, '2015-08-17 22:05:44', '0', '1', '0', 'http://7xjehg.com1.z0.glb.clouddn.com/ae6fe999-ad6c-4881-ae03-9353cc30adfb.jpg', '63', '', '3', '24', '小美妞', '0', '960', '640', '0');
INSERT INTO `t_joke` VALUES ('238', null, 'http://7xjehg.com1.z0.glb.clouddn.com/5bedd4d5-ae00-462b-beeb-b0d6c69f35e4.jpg?watermark/1/image/aHR0cDovLzd4amVoZy5jb20xLnowLmdsYi5jbG91ZGRuLmNvbS93YXRlcm1hcmsucG5n/dissolve/50/gravity/SouthEast', null, '2015-08-17 22:06:15', '0', '1', '0', null, '322', '', '3', '17', '爆料称', '0', '534', '451', '0');
INSERT INTO `t_joke` VALUES ('239', null, null, '半夜，我在邻居窗户下玩手机吃零食，突然房门大开，一围着浴巾的mm拿着扫把向我打来“没见过偷看人家洗澡还tm带零食的”\r\n“大姐我真是来蹭wifi的，说多了都是泪，大伙听我解释………', '2015-08-17 22:08:02', '0', '1', '0', 'http://7xixxm.com2.z0.glb.clouddn.com/b7810e57-b3e5-4949-931e-d92a33741dfa.jpg', '14', null, '1', '6', '取个好听的名字', '0', '0', '0', '1');
INSERT INTO `t_joke` VALUES ('240', null, null, '暑假时在露天烧烤摊打工，旮旯角有桌客人在喊：过来～过来过来……\r\n我以迅雷不及掩耳的速度跑了过去，只见那人把羊腿骨扔在地上……\r\n然后过来个小狗叼走了。。。瞬间想找个地缝钻进去。。。', '2015-08-17 22:08:20', '0', '1', '0', 'http://7xixxm.com2.z0.glb.clouddn.com/ff0d63db-cfaa-4a2e-9953-4ab9e1d1d483.jpg', '65', null, '1', '7', '瞎扯淡', '0', '0', '0', '1');
INSERT INTO `t_joke` VALUES ('241', null, null, '吃完饭都不想洗碗，老妈建议：“我们玩捉迷藏吧，你来捉，捉到谁谁洗碗。\r\n“我一听挺公平的，结果实在找不到便给老妈电话：“我输了，你们藏哪里啊？“\r\n老妈说：“输了就快把碗洗了，我和你爸正在逛商场。“', '2015-08-17 22:21:46', '0', '1', '0', 'http://7xixxm.com2.z0.glb.clouddn.com/2f59c83b-1877-412a-ba17-8ec46caaad02.jpg', '21', null, '1', '12', 'sunny', '0', '0', '0', '1');
INSERT INTO `t_joke` VALUES ('242', null, null, '我：哥们你乳名是什么？哥们：什么是乳名？我：呃。。。就是你在吃奶的时候别人叫你的名字。\r\n哥们：是这样啊！那我乳名叫死鬼。', '2015-08-17 22:22:22', '0', '1', '0', 'http://7xixxm.com2.z0.glb.clouddn.com/95f28ea5-7e41-4461-ab7b-46488119bc51.jpg', '59', null, '1', '3', '名字不好取', '0', '0', '0', '1');
INSERT INTO `t_joke` VALUES ('243', null, 'http://7xjehg.com1.z0.glb.clouddn.com/137112c7-c212-418e-864e-a486f2198098.jpg?watermark/1/image/aHR0cDovLzd4amVoZy5jb20xLnowLmdsYi5jbG91ZGRuLmNvbS93YXRlcm1hcmsucG5n/dissolve/50/gravity/SouthEast', null, '2015-08-17 22:30:59', '0', '1', '0', 'http://7xixxm.com2.z0.glb.clouddn.com/cc44325c-701b-4e97-8b93-c9187c75218e.jpg', '0', '第一眼看成俩颗猕猴桃的', '2', '1', '残剑', '0', '265', '438', '1');
INSERT INTO `t_joke` VALUES ('244', null, null, '昨晚喝晕了打车回家，下车后我随手扔了一百块钱，\r\n豪气的对司机说：“不用找了！”\r\n司机大哥一听就激动了：“我不找怎么知道你把钱扔哪儿了！”', '2015-08-17 22:32:28', '0', '1', '0', 'http://7xixxm.com2.z0.glb.clouddn.com/ff0d63db-cfaa-4a2e-9953-4ab9e1d1d483.jpg', '42', null, '1', '7', '瞎扯淡', '0', '0', '0', '1');
INSERT INTO `t_joke` VALUES ('245', null, 'http://7xjehg.com1.z0.glb.clouddn.com/5860a6f6-72bf-41d4-96be-444101abce10.jpg?watermark/1/image/aHR0cDovLzd4amVoZy5jb20xLnowLmdsYi5jbG91ZGRuLmNvbS93YXRlcm1hcmsucG5n/dissolve/50/gravity/SouthEast', null, '2015-08-17 22:32:57', '0', '1', '0', null, '52', '广大女性经验告诉我们，此法并不管用，即使用了，还是有可能便秘', '2', '22', '瞅你咋地', '0', '477', '455', '1');
INSERT INTO `t_joke` VALUES ('246', null, 'http://7xjehg.com1.z0.glb.clouddn.com/cbd6a89f-04fd-4133-b2f4-10c96b829afa.jpg?watermark/1/image/aHR0cDovLzd4amVoZy5jb20xLnowLmdsYi5jbG91ZGRuLmNvbS93YXRlcm1hcmsucG5n/dissolve/50/gravity/SouthEast', null, '2015-08-17 22:40:10', '0', '1', '0', 'http://7xixxm.com2.z0.glb.clouddn.com/2f59c83b-1877-412a-ba17-8ec46caaad02.jpg', '92', '', '3', '12', 'sunny', '0', '915', '610', '1');
INSERT INTO `t_joke` VALUES ('247', null, 'http://7xjehg.com1.z0.glb.clouddn.com/4766664f-ed67-4c69-981a-ce660fee2773.jpg?watermark/1/image/aHR0cDovLzd4amVoZy5jb20xLnowLmdsYi5jbG91ZGRuLmNvbS93YXRlcm1hcmsucG5n/dissolve/50/gravity/SouthEast', null, '2015-08-17 22:41:43', '0', '1', '0', null, '50', '', '3', '13', '做啥子', '0', '960', '640', '0');
INSERT INTO `t_joke` VALUES ('248', null, null, '弟弟今年五岁，特别娇气动不动就哭鼻子，一天他突然问我：“要是有一天家里没钱了，爸妈会把你卖了还是把我卖了？”\r\n我毫不犹豫的说：“肯定卖了你！”\r\n本以为这小破孩哭定了，没想到他咧嘴一笑：“我就知道你不值钱…”', '2015-08-17 22:43:55', '0', '1', '0', 'http://7xixxm.com2.z0.glb.clouddn.com/95f28ea5-7e41-4461-ab7b-46488119bc51.jpg', '43', null, '1', '3', '名字不好取', '0', '0', '0', '1');
INSERT INTO `t_joke` VALUES ('249', null, null, '刚刚听两同事对话，同事说：“我女朋友气消了。”\r\n另一同事说：“又TM来借气筒的吧！”', '2015-08-18 21:53:31', '0', '1', '0', 'http://7xixxm.com2.z0.glb.clouddn.com/ff0d63db-cfaa-4a2e-9953-4ab9e1d1d483.jpg', '46', null, '1', '7', '瞎扯淡', '0', '0', '0', '1');
INSERT INTO `t_joke` VALUES ('250', null, null, '刚刚听两同事对话，同事说：“我女朋友气消了。”\r\n另一同事说：“又TM来借气筒的吧！”', '2015-08-18 21:53:32', '0', '1', '0', 'http://7xixxm.com2.z0.glb.clouddn.com/ff0d63db-cfaa-4a2e-9953-4ab9e1d1d483.jpg', '46', null, '1', '7', '瞎扯淡', '0', '0', '0', '1');
INSERT INTO `t_joke` VALUES ('251', null, null, '小时候，有一次在吃午饭，我在一盘青菜碗里夹了一条大青虫，立刻我头皮就麻了，大声质问我奶奶：“这是什么？？”\r\n话还没说完，我奶奶更凶：“这是虫子啊！这孩子吃菜吃傻了，这也问！”我瞬间凌乱了', '2015-08-18 21:53:57', '0', '1', '0', null, '16', null, '1', '22', '瞅你咋地', '0', '0', '0', '1');
INSERT INTO `t_joke` VALUES ('252', null, 'http://7xjehg.com1.z0.glb.clouddn.com/eeba3e0c-357d-4fc3-b1bc-437c4e391a8b.jpg?watermark/1/image/aHR0cDovLzd4amVoZy5jb20xLnowLmdsYi5jbG91ZGRuLmNvbS93YXRlcm1hcmsucG5n/dissolve/50/gravity/SouthEast', null, '2015-08-18 21:58:18', '0', '1', '0', 'http://7xixxm.com2.z0.glb.clouddn.com/cc44325c-701b-4e97-8b93-c9187c75218e.jpg', '15', '', '3', '1', '残剑', '0', '1121', '750', '0');
INSERT INTO `t_joke` VALUES ('253', null, null, '我老公总说我胖，今天我去我好闺蜜家，和他抱怨，说我老公总说我没有腰，我的好闺蜜当时就来了一句靠你老公瞎说，这么粗的腰，你老公看不清吗？', '2015-08-20 21:04:39', '0', '1', '0', 'http://7xixxm.com2.z0.glb.clouddn.com/2f59c83b-1877-412a-ba17-8ec46caaad02.jpg', '21', null, '1', '12', 'sunny', '0', '0', '0', '1');
INSERT INTO `t_joke` VALUES ('254', null, null, '隔壁囚牢的老大死刑前一天晚上交给我一个锦囊，叮嘱我混得不好就打开。\r\n多年后，我被迫打开锦囊，里面写着：兄弟，混得不好就来找我。', '2015-08-20 21:08:51', '0', '1', '0', 'http://7xixxm.com2.z0.glb.clouddn.com/cc44325c-701b-4e97-8b93-c9187c75218e.jpg', '51', null, '1', '1', '残剑', '0', '0', '0', '1');
INSERT INTO `t_joke` VALUES ('255', null, 'http://7xjehg.com1.z0.glb.clouddn.com/009843ae-789a-450d-beda-837fea9bef7e.jpg?watermark/1/image/aHR0cDovLzd4amVoZy5jb20xLnowLmdsYi5jbG91ZGRuLmNvbS93YXRlcm1hcmsucG5n/dissolve/50/gravity/SouthEast', null, '2015-08-20 21:14:14', '0', '1', '0', 'http://7xixxm.com2.z0.glb.clouddn.com/cc44325c-701b-4e97-8b93-c9187c75218e.jpg', '35', '我的6plus像素就是高', '2', '1', '残剑', '0', '571', '490', '1');
INSERT INTO `t_joke` VALUES ('257', null, 'http://7xjehg.com1.z0.glb.clouddn.com/df22e672-b315-43f6-8a7b-58936be0d631.jpg?watermark/1/image/aHR0cDovLzd4amVoZy5jb20xLnowLmdsYi5jbG91ZGRuLmNvbS93YXRlcm1hcmsucG5n/dissolve/50/gravity/SouthEast', null, '2015-08-20 21:18:37', '0', '1', '0', 'http://7xjehg.com1.z0.glb.clouddn.com/1bd93944-6c33-470f-82ca-6e2ec5641ffa.jpg', '51', '司机大哥直接罢工了是吗', '2', '21', '你大爷', '0', '302', '450', '1');
INSERT INTO `t_joke` VALUES ('258', null, 'http://7xjehg.com1.z0.glb.clouddn.com/78cac2aa-e73a-4c60-9fe5-ce90d078c87f.jpg?watermark/1/image/aHR0cDovLzd4amVoZy5jb20xLnowLmdsYi5jbG91ZGRuLmNvbS93YXRlcm1hcmsucG5n/dissolve/50/gravity/SouthEast', null, '2015-08-20 21:23:07', '0', '1', '0', 'http://7xixxm.com2.z0.glb.clouddn.com/aca00f27-287e-49bf-b38a-fda66178c18a.jpg', '242', '', '3', '2', '飞雪', '0', '455', '394', '1');
INSERT INTO `t_joke` VALUES ('259', null, 'http://7xjehg.com1.z0.glb.clouddn.com/364db802-7f99-4144-9b8b-1000dddaa682.jpg?watermark/1/image/aHR0cDovLzd4amVoZy5jb20xLnowLmdsYi5jbG91ZGRuLmNvbS93YXRlcm1hcmsucG5n/dissolve/50/gravity/SouthEast', null, '2015-08-20 21:23:37', '0', '1', '0', 'http://7xixxm.com2.z0.glb.clouddn.com/b7810e57-b3e5-4949-931e-d92a33741dfa.jpg', '109', '', '3', '6', '取个好听的名字', '0', '960', '640', '0');
INSERT INTO `t_joke` VALUES ('260', null, 'http://7xjehg.com1.z0.glb.clouddn.com/307f9f45-689e-4d71-a425-189241faab9d.jpg?watermark/1/image/aHR0cDovLzd4amVoZy5jb20xLnowLmdsYi5jbG91ZGRuLmNvbS93YXRlcm1hcmsucG5n/dissolve/50/gravity/SouthEast', null, '2015-08-20 21:32:03', '0', '1', '0', 'http://7xixxm.com2.z0.glb.clouddn.com/95f28ea5-7e41-4461-ab7b-46488119bc51.jpg', '59', '', '3', '3', '名字不好取', '0', '659', '460', '0');
INSERT INTO `t_joke` VALUES ('261', null, 'http://7xjehg.com1.z0.glb.clouddn.com/efafa079-6a52-4c05-a95e-93387c29fc2c.jpg?watermark/1/image/aHR0cDovLzd4amVoZy5jb20xLnowLmdsYi5jbG91ZGRuLmNvbS93YXRlcm1hcmsucG5n/dissolve/50/gravity/SouthEast', null, '2015-08-20 21:32:52', '0', '1', '0', 'http://7xixxm.com2.z0.glb.clouddn.com/ff0d63db-cfaa-4a2e-9953-4ab9e1d1d483.jpg', '43', '', '3', '7', '瞎扯淡', '0', '831', '460', '0');

-- ----------------------------
-- Table structure for t_user
-- ----------------------------
DROP TABLE IF EXISTS `t_user`;
CREATE TABLE `t_user` (
  `id` int(11) NOT NULL auto_increment,
  `create_date` datetime default NULL,
  `is_receive_push` int(11) default '1',
  `password` varchar(255) collate utf8_unicode_ci default NULL,
  `portrait_url` varchar(255) collate utf8_unicode_ci default NULL,
  `sex` int(11) default '1',
  `user_name` varchar(255) collate utf8_unicode_ci default NULL,
  `user_nike` varchar(255) collate utf8_unicode_ci default NULL,
  `is_forbid` int(11) default '0',
  `tecent_open_id` varchar(255) collate utf8_unicode_ci default NULL,
  `sina_uid` varchar(255) collate utf8_unicode_ci default NULL,
  `role` int(11) default '0',
  PRIMARY KEY  (`id`),
  UNIQUE KEY `id` (`id`),
  UNIQUE KEY `sina_uid` (`sina_uid`)
) ENGINE=InnoDB DEFAULT CHARSET=utf8 COLLATE=utf8_unicode_ci;

-- ----------------------------
-- Records of t_user
-- ----------------------------
INSERT INTO `t_user` VALUES ('1', '2015-05-30 20:39:46', '1', 'e10adc3949ba59abbe56e057f20f883e', 'http://7xixxm.com2.z0.glb.clouddn.com/cc44325c-701b-4e97-8b93-c9187c75218e.jpg', '1', '476777389@qq.com', '残剑', '0', null, null, '1');
INSERT INTO `t_user` VALUES ('2', '2015-05-30 20:43:20', '1', 'e10adc3949ba59abbe56e057f20f883e', 'http://7xixxm.com2.z0.glb.clouddn.com/aca00f27-287e-49bf-b38a-fda66178c18a.jpg', '1', '1791815@qq.com', '飞雪', '0', null, null, '1');
INSERT INTO `t_user` VALUES ('3', '2015-05-30 20:53:45', '1', 'e10adc3949ba59abbe56e057f20f883e', 'http://7xixxm.com2.z0.glb.clouddn.com/95f28ea5-7e41-4461-ab7b-46488119bc51.jpg', '1', '123456789', '名字不好取', '0', null, null, '1');
INSERT INTO `t_user` VALUES ('4', '2015-07-05 00:39:19', '1', 'e10adc3949ba59abbe56e057f20f883e', null, '1', '476777388@qq.com', '用户476777388@qq.com', '0', null, null, '0');
INSERT INTO `t_user` VALUES ('5', '2015-07-05 00:46:10', '1', 'e10adc3949ba59abbe56e057f20f883e', 'http://7xixxm.com2.z0.glb.clouddn.com/744b687d-4816-4d89-b349-c85fde6ababc.jpg', '1', '476777@qq.com', '用户476777@qq.com', '0', null, null, '0');
INSERT INTO `t_user` VALUES ('6', '2015-07-05 09:52:32', '1', 'e10adc3949ba59abbe56e057f20f883e', 'http://7xixxm.com2.z0.glb.clouddn.com/b7810e57-b3e5-4949-931e-d92a33741dfa.jpg', '0', '18711370882', '取个好听的名字', '0', null, null, '1');
INSERT INTO `t_user` VALUES ('7', '2015-07-05 20:19:31', '1', 'e10adc3949ba59abbe56e057f20f883e', 'http://7xixxm.com2.z0.glb.clouddn.com/ff0d63db-cfaa-4a2e-9953-4ab9e1d1d483.jpg', '1', '476777389a@qq.com', '瞎扯淡', '0', null, null, '1');
INSERT INTO `t_user` VALUES ('8', '2015-07-09 22:20:37', '0', null, 'http://tp2.sinaimg.cn/2635074013/50/0/1', '0', '7465c525-4342-45af-af76-0ec8d42fbcf2', 'n残剑', '0', null, '2635074013', '1');
INSERT INTO `t_user` VALUES ('9', '2015-07-10 23:06:48', '1', 'e10adc3949ba59abbe56e057f20f883e', null, '1', '1233456789908654@65444.com', '残剑', '0', null, null, '0');
INSERT INTO `t_user` VALUES ('10', '2015-07-10 23:08:49', '1', 'e10adc3949ba59abbe56e057f20f883e', null, '1', '23456ddy567@fyiyt6.com', '用户23456ddy567@fyiyt6.com', '0', null, null, '0');
INSERT INTO `t_user` VALUES ('11', '2015-07-12 17:09:52', '1', null, 'http://q.qlogo.cn/qqapp/1104671631/F3B6DC6CC4C3CC74B8F293B9956004D6/100', '1', '340bf38c-eb58-4ace-ad88-824862981890', '残剑', '0', 'F3B6DC6CC4C3CC74B8F293B9956004D6', null, '0');
INSERT INTO `t_user` VALUES ('12', '2015-07-12 20:48:41', '1', 'e10adc3949ba59abbe56e057f20f883e', 'http://7xixxm.com2.z0.glb.clouddn.com/2f59c83b-1877-412a-ba17-8ec46caaad02.jpg', '1', '123456@qq.com', 'sunny', '0', null, null, '1');
INSERT INTO `t_user` VALUES ('13', '2015-07-12 22:02:00', '1', 'e10adc3949ba59abbe56e057f20f883e', null, '1', '234567@qq.com', '做啥子', '0', null, null, '1');
INSERT INTO `t_user` VALUES ('14', '2015-07-21 21:38:01', '1', 'e10adc3949ba59abbe56e057f20f883e', 'http://7xixxm.com2.z0.glb.clouddn.com/48dc6f75-43c4-4b4e-b9b8-7d4ced0fbdde.jpg', '1', '18711370883', '残剑', '0', null, null, '0');
INSERT INTO `t_user` VALUES ('15', '2015-07-21 23:56:38', '1', 'e1edb7e07ae39516b1e2ad2044a4c6e7', null, '1', '18711370843', '用户18711370882', '0', null, null, '0');
INSERT INTO `t_user` VALUES ('16', '2015-07-22 00:09:35', '1', 'e10adc3949ba59abbe56e057f20f883e', null, '1', '18711374234', '用户18711370882', '0', null, null, '0');
INSERT INTO `t_user` VALUES ('17', '2015-07-22 00:12:40', '1', 'e10adc3949ba59abbe56e057f20f883e', null, '1', '18711', '爆料称', '0', null, null, '1');
INSERT INTO `t_user` VALUES ('18', '2015-07-22 21:06:43', '1', 'cabddd8ea1e1f801a1528714933f0cf5', null, '1', '18', '佛佛佛佛', '0', null, null, '0');
INSERT INTO `t_user` VALUES ('19', '2015-07-22 21:40:40', '1', 'e10adc3949ba59abbe56e057f20f883e', null, '1', '18711370882', '用户18711370882', '0', null, null, '0');
INSERT INTO `t_user` VALUES ('20', '2015-07-22 22:19:56', '1', 'e10adc3949ba59abbe56e057f20f883e', null, '1', '1871136756', '莫莫莫莫', '0', null, null, '0');
INSERT INTO `t_user` VALUES ('21', '2015-07-23 23:19:16', '1', 'e10adc3949ba59abbe56e057f20f883e', 'http://7xjehg.com1.z0.glb.clouddn.com/1bd93944-6c33-470f-82ca-6e2ec5641ffa.jpg', '1', '18711370882', '你大爷', '0', null, null, '1');
INSERT INTO `t_user` VALUES ('22', '2015-07-26 12:57:19', '1', 'e10adc3949ba59abbe56e057f20f883e', null, '1', '13332582072123', '瞅你咋地', '0', null, null, '1');
INSERT INTO `t_user` VALUES ('23', '2015-07-26 13:04:32', '1', null, 'http://q.qlogo.cn/qqapp/1104671631/7E8327A5FD52DF0C7320B92E86D84A37/100', '0', 'b206a271-2ba3-4025-88c4-846dca5ca298', ' 飞雪', '0', '7E8327A5FD52DF0C7320B92E86D84A37', null, '1');
INSERT INTO `t_user` VALUES ('24', '2015-08-04 22:54:57', '1', '603a3e80246d468f1b1885626cadba19', 'http://7xjehg.com1.z0.glb.clouddn.com/ae6fe999-ad6c-4881-ae03-9353cc30adfb.jpg', '0', '13332582072', '小美妞', '0', null, null, '1');
